"","Item_Number","Set_Name","Amazon_Price","Year","Pages","unique_pieces","Theme","Pieces","Price","Ages","Minifigures","Packaging","Weight","Availability","Size"
"1","10270","Bookshop",NA,2020,NA,"562","Creator Expert","2504",NA,"Ages_16+","5,","Box","2.95Kg (6.49 lb)","LEGO exclusive","Small"
"2","10271","Fiat 500",NA,2020,NA,"269","Creator Expert","960",NA,"Ages_16+",NA,"Box","1.11Kg (2.44 lb)","LEGO exclusive","Small"
"3","10272","Old Trafford - Manchester United",NA,2020,NA,"333","Creator Expert","3898",NA,"Ages_16+",NA,"Box","NA","LEGO exclusive","Small"
"4","10273","Haunted House",NA,2020,NA,"467","Icons","3231",NA,"Ages_18+","10,","Box","NA","LEGO exclusive","Small"
"5","10274","Ghostbusters ECTO-1",NA,2020,NA,"569","Icons","2352",NA,"Ages_18+",NA,"Box","NA","LEGO exclusive","Small"
"6","10275","Elf Club House",NA,2020,NA,"377","Icons","1197",NA,"Ages_18+","4,","Box","1.32Kg (2.92 lb)","LEGO exclusive","Small"
"7","10276","Colosseum",NA,2020,NA,"220","Icons","9036",NA,"Ages_18+",NA,"Box","NA","LEGO exclusive","Small"
"8","10277","Crocodile Locomotive",NA,2020,NA,"212","Icons","1271",NA,"Ages_18+","2,","Box","1.54Kg (3.39 lb)","LEGO exclusive","Small"
"9","10278","Police Station","-",2021,NA,"580","Icons","2923",NA,"Ages_18+","5,","Box","4.01Kg (8.84 lb)","LEGO exclusive","Small"
"10","10279","Volkswagen T2 Camper Van",NA,2021,NA,"535","Icons","2207",NA,"Ages_18+",NA,"Box","2.94Kg (6.49 lb)","LEGO exclusive","Small"
"11","10280","Flower Bouquet","497.69 Kr",2021,NA,"81","Icons","756",NA,"Ages_18+",NA,"Box","0.76Kg (1.67 lb)","Retail","Small"
"12","10281","Bonsai Tree","518.27 Kr",2021,NA,"92","Icons","878",NA,"Ages_18+",NA,"Box","0.76Kg (1.67 lb)","Retail","Small"
"13","10282","Adidas Originals Superstar","-",2021,NA,"212","Icons","731",NA,"Ages_18+",NA,"Box","NA","LEGO exclusive","Small"
"14","10283","NASA Space Shuttle Discovery","-",2021,NA,"519","Icons","2354",NA,"Ages_18+",NA,"Box","NA","LEGO exclusive","Small"
"15","10284","Camp Nou - FC Barcelona","4164 Kr",2021,NA,"214","Icons","5509",NA,"Ages_18+",NA,"Box","NA","LEGO exclusive","Small"
"16","10289","Bird of Paradise","1354 Kr*",2021,NA,"95","Icons","1173",NA,"Ages_18+",NA,"Box","1.36Kg (3 lb)","Retail","Small"
"17","10290","Pickup Truck","1354 Kr",2021,NA,"377","Icons","1677",NA,"Ages_18+",NA,"Box","1.98Kg (4.36 lb)","LEGO exclusive","Small"
"18","10291","Queer Eye – The Fab 5 Loft","-",2021,NA,"318","Icons","974",NA,"Ages_18+","7,","Box","NA","LEGO exclusive","Small"
"19","10292","The Friends Apartments","-",2021,NA,"536","Icons","2048",NA,"Ages_18+","7,","Box","2.74Kg (6.03 lb)","LEGO exclusive","Small"
"20","10293","Santa's Visit","-",2021,NA,"402","Icons","1445",NA,"Ages_18+","4,","Box","1.66Kg (3.65 lb)","LEGO exclusive","Small"
"21","10294","Titanic",NA,2021,NA,"690","Icons","9090",NA,"Ages_18+",NA,"Box","NA","LEGO exclusive","Small"
"22","10295","Porsche 911","-",2021,NA,"382","Icons","1458",NA,"Ages_18+",NA,"Box","NA","LEGO exclusive","Small"
"23","10297","Boutique Hotel","-",2022,NA,"662","Icons","3066",NA,"Ages_18+","7,","Box","3.47Kg (7.65 lb)","LEGO exclusive","Small"
"24","10298","Vespa 125","-",2022,NA,"339","Icons","1106",NA,"Ages_18+",NA,"Box","NA","LEGO exclusive","Small"
"25","10299","Real Madrid - Santiago Bernabéu Stadium","-",2022,NA,"334","Icons","5876",NA,"Ages_18+",NA,"Box","NA","LEGO exclusive","Small"
"26","10300","Back to the Future Time Machine","-",2022,NA,"471","Icons","1872",NA,"Ages_18+","2,","Box","NA","LEGO exclusive","Small"
"27","10301","{?}",NA,2022,NA,NA,"Icons","NA",NA,"Ages_NA",NA,"NA","NA","NA","Small"
"28","10302","Optimus Prime","1321 Kr",2022,NA,"354","Icons","1508",NA,"Ages_18+",NA,"Box","1.7Kg (3.75 lb)","LEGO exclusive","Small"
"29","10303","Loop Coaster",NA,2022,NA,"524","Icons","3756",NA,"Ages_18+","11,","Box","5.83Kg (12.84 lb)","LEGO exclusive","Small"
"30","10304","Chevrolet Camaro Z/28 1969",NA,2022,NA,"367","Icons","1456",NA,"Ages_18+",NA,"Box","NA","LEGO exclusive","Small"
"31","10305","Lion Knights' Castle",NA,2022,NA,"816","Icons","4514",NA,"Ages_18+","22,","Box","NA","LEGO exclusive","Small"
"32","10306","Atari 2600",NA,2022,NA,"451","Icons","2532",NA,"Ages_18+","1,","Box","NA","LEGO exclusive","Small"
"33","10307","Eiffel Tower",NA,2022,NA,"277","Icons","10001",NA,"Ages_18+",NA,"Box","NA","LEGO exclusive","Small"
"34","10308","Holiday Main Street",NA,2022,NA,"447","Icons","1514",NA,"Ages_18+","6,","Box","1.74Kg (3.83 lb)","LEGO exclusive","Small"
"35","10309","Succulents","528.23 Kr",2022,NA,"125","Icons","771",NA,"Ages_18+",NA,"Box","0.68Kg (1.5 lb)","Retail","Small"
"36","10310","{?}",NA,2022,NA,NA,"Icons","NA",NA,"Ages_NA",NA,"NA","NA","NA","Small"
"37","10311","Orchid","482.18 Kr",2022,NA,"81","Icons","608",NA,"Ages_18+",NA,"Box","0.76Kg (1.67 lb)","Retail","Small"
"38","10312",NA,"-",NA,NA,NA,NA,NA,NA,"Ages_NA",NA,NA,NA,NA,NA
"39","10313",NA,"554.50 Kr",NA,NA,NA,NA,NA,NA,"Ages_NA",NA,NA,NA,NA,NA
"40","10314",NA,"494.84 Kr",NA,NA,NA,NA,NA,NA,"Ages_NA",NA,NA,NA,NA,NA
"41","10316",NA,"-",NA,NA,NA,NA,NA,NA,"Ages_NA",NA,NA,NA,NA,NA
"42","10411",NA,"-",NA,NA,NA,NA,NA,NA,"Ages_NA",NA,NA,NA,NA,NA
"43","10497","Galaxy Explorer",NA,2022,NA,"292","Icons","1254",NA,"Ages_18+","5,","Box","1.76Kg (3.87 lb)","Retail","Small"
"44","10772","Mickey Mouse's Propeller Plane","-",2021,NA,"41","Disney","59",NA,"Ages_4+","1,","Box","0.13Kg (0.29 lb)","Retail","Small"
"45","10773","Minnie Mouse's Ice Cream Shop","-",2021,NA,"72","Disney","100",NA,"Ages_4+","2,","Box","0.3Kg (0.66 lb)","Retail","Small"
"46","10774","Mickey Mouse & Minnie Mouse's Space Rocket","457.12 Kr*",2021,NA,"61","Disney","88",NA,"Ages_4+","2,","Box","0.34Kg (0.74 lb)","Retail","Small"
"47","10775","Mickey Mouse & Donald Duck's Farm","-",2021,NA,"76","Disney","118",NA,"Ages_4+","2,","Box","NA","Retail","Small"
"48","10776","Mickey & Friends Fire Truck & Station","465.92 Kr",2021,NA,"91","Disney","144",NA,"Ages_4+","3,","Box","0.5Kg (1.1 lb)","Retail","Small"
"49","10777","Mickey and Minnie's Camping Trip","-",2022,NA,"63","Disney","103",NA,"Ages_4+","2,","Box","0.28Kg (0.61 lb)","Retail","Small"
"50","10778","Mickey, Minnie and Goofy's Fairground Fun","-",2022,NA,"105","Disney","184",NA,"Ages_4+","3,","Box","0.61Kg (1.35 lb)","Retail","Small"
"51","10780","Mickey and Friends Castle Defenders","801.15 Kr",2022,NA,"129","Disney","215",NA,"Ages_4+","4,","Box","0.68Kg (1.49 lb)","Retail","Small"
"52","10781","Spider-Man's Techno Trike","67.72 Kr",2022,NA,"40","Marvel Super Heroes","59",NA,"Ages_4+","2","Box","NA","Retail","Small"
"53","10782","Hulk vs. Rhino Truck Showdown","157.11 Kr",2022,NA,"70","Marvel Super Heroes","110",NA,"Ages_4+","3,","Box","NA","Retail","Small"
"54","10783","Spider-Man at Doc Ock's Lab","-",2022,NA,"77","Marvel Super Heroes","131",NA,"Ages_4+","3,","Box","NA","Retail","Small"
"55","10784","Spider-Man Webquarters Hangout","-",2022,NA,"95","Marvel Super Heroes","155",NA,"Ages_4+","5,","Box","NA","Retail","Small"
"56","10785",NA,"128.60 Kr",NA,NA,NA,NA,NA,NA,"Ages_NA",NA,NA,NA,NA,NA
"57","10786",NA,"236.96 Kr",NA,NA,NA,NA,NA,NA,"Ages_NA",NA,NA,NA,NA,NA
"58","10787",NA,"358.86 Kr",NA,NA,NA,NA,NA,NA,"Ages_NA",NA,NA,NA,NA,NA
"59","10788",NA,"778.93 Kr",NA,NA,NA,NA,NA,NA,"Ages_NA",NA,NA,NA,NA,NA
"60","10789",NA,"108.29 Kr",NA,NA,NA,NA,NA,NA,"Ages_NA",NA,NA,NA,NA,NA
"61","10790",NA,"-",NA,NA,NA,NA,NA,NA,"Ages_NA",NA,NA,NA,NA,NA
"62","10791",NA,"433.42 Kr",NA,NA,NA,NA,NA,NA,"Ages_NA",NA,NA,NA,NA,NA
"63","10909","Heart Box",NA,2020,NA,"39","Duplo","80",NA,"Ages_1+",NA,"Box","0.94Kg (2.07 lb)","Retail","Large"
"64","10913","Brick Box",NA,2020,NA,"46","Duplo","65",NA,"Ages_1+","2","Tag","1.01Kg (2.22 lb)","Retail","Large"
"65","10914","Deluxe Brick Box",NA,2020,NA,"58","Duplo","85",NA,"Ages_1+","2","Tub","1.42Kg (3.13 lb)","Retail","Large"
"66","10915","Alphabet Truck",NA,2020,NA,"35","Duplo","36",NA,"Ages_1+","2","Box","0.85Kg (1.87 lb)","Retail","Large"
"67","10917","Fire Truck",NA,2020,NA,"6","Duplo","6",NA,"Ages_1+",NA,"Box with backing card","0.15Kg (0.33 lb)","Retail","Large"
"68","10918","Tow Truck",NA,2020,NA,"7","Duplo","7",NA,"Ages_1+",NA,"Box with backing card","0.15Kg (0.33 lb)","Retail","Large"
"69","10919","Batcave",NA,2020,NA,"25","Duplo","33",NA,"Ages_2+","3,","Box","0.5Kg (1.1 lb)","Retail","Large"
"70","10920","Elsa and Olaf's Tea Party",NA,2020,NA,"13","Duplo","17",NA,"Ages_2+","2","Box","0.24Kg (0.53 lb)","Retail","Large"
"71","10921","Super Heroes Lab",NA,2020,NA,"23","Duplo","30",NA,"Ages_2+","3,","Box","0.47Kg (1.04 lb)","Retail","Large"
"72","10922","Ariel's Undersea Castle",NA,2020,NA,"27","Duplo","35",NA,"Ages_2+","1,","Box","0.58Kg (1.28 lb)","Retail","Large"
"73","10924","Lightning McQueen's Race Day",NA,2020,NA,"32","Duplo","42",NA,"Ages_2+","2,","Box","0.69Kg (1.52 lb)","Retail","Large"
"74","10925","Playroom",NA,2020,NA,"16","Duplo","17",NA,"Ages_2+","2,","Box","0.4Kg (0.88 lb)","Retail","Large"
"75","10926","Bedroom",NA,2020,NA,"16","Duplo","16",NA,"Ages_2+","2","Box","0.38Kg (0.84 lb)","Retail","Large"
"76","10927","Pizza Stand",NA,2020,NA,"15","Duplo","18",NA,"Ages_2+","1","Box","0.26Kg (0.57 lb)","Retail","Large"
"77","10928","Bakery",NA,2020,NA,"33","Duplo","46",NA,"Ages_2+","2","Box","0.82Kg (1.81 lb)","Retail","Large"
"78","10929","Modular Playhouse",NA,2020,NA,"56","Duplo","129",NA,"Ages_2+","3","Box","2.2Kg (4.85 lb)","Retail","Large"
"79","10930","Bulldozer",NA,2020,NA,"10","Duplo","10",NA,"Ages_2+","1","Box","0.22Kg (0.48 lb)","Retail","Large"
"80","10931","Truck & Tracked Excavator",NA,2020,NA,"19","Duplo","20",NA,"Ages_2+","2","Box","0.58Kg (1.28 lb)","Retail","Large"
"81","10932","Wrecking Ball Demolition",NA,2020,NA,"41","Duplo","56",NA,"Ages_2+","3,","Box","NA","Retail","Large"
"82","10933","Tower Crane & Construction",NA,2020,NA,"72","Duplo","123",NA,"Ages_2+","5,","Box","NA","Retail","Large"
"83","10934","Creative Animals",NA,2020,NA,"89","Duplo","175",NA,"Ages_NA",NA,"Box","NA","Retail","Large"
"84","10935",NA,"-",NA,NA,NA,NA,NA,NA,"Ages_NA",NA,NA,NA,NA,NA
"85","10938","Dinosaur Nursery","176.01 Kr",2022,NA,"19","Duplo","27",NA,"Ages_2+","1,","Box","0.37Kg (0.81 lb)","Retail","Large"
"86","10939","T. rex and Triceratops Dinosaur Breakout","-",2021,NA,"20","Duplo","36",NA,"Ages_2+","1,","Box","0.61Kg (1.35 lb)","Retail","Large"
"87","10940","Spider-Man Headquarters","474.05 Kr*",2021,NA,"27","Duplo","36",NA,"Ages_2+","3,","Box","NA","Retail","Large"
"88","10941","Mickey & Minnie Birthday Train","-",2021,NA,"21","Duplo","22",NA,"Ages_2+","2","Box","NA","Retail","Large"
"89","10942","Minnie's House and Cafe","-",2021,NA,"49","Duplo","91",NA,"Ages_2+","2,","Box","NA","Retail","Large"
"90","10943","Happy Childhood Moments","-",2021,NA,"91","Duplo","227",NA,"Ages_2+","7,","Box","NA","Retail","Large"
"91","10944","Space Shuttle Mission","157.11 Kr",2021,NA,"19","Duplo","23",NA,"Ages_NA","2,","NA","NA","NA","Large"
"92","10945","Garbage Truck and Recycling","-",2021,NA,"19","Duplo","19",NA,"Ages_2+","2,","Box","NA","Retail","Large"
"93","10946","Family Camping Van Adventure","-",2021,NA,"20","Duplo","30",NA,"Ages_2+","4,","Box","NA","Retail","Large"
"94","10947","Race Cars","-",2021,NA,"32","Duplo","44",NA,"Ages_2+","2,","Box","NA","Retail","Large"
"95","10948","Parking Garage and Car Wash","-",2021,NA,"56","Duplo","112",NA,"Ages_2+","4,","Box","NA","Retail","Large"
"96","10949","Farm Animal Care","67.72 Kr",2021,NA,"11","Duplo","11",NA,"Ages_NA",NA,"Box","NA","Retail","Large"
"97","10950","Farm Tractor & Animal Care","-",2021,NA,"23","Duplo","27",NA,"Ages_NA","2,","Box","NA","Retail","Large"
"98","10951","Horse Stable and Pony Care","-",2021,NA,"35","Duplo","65",NA,"Ages_NA","2,","Box","NA","Retail","Large"
"99","10952","Barn, Tractor & Farm Animal Care","-",2021,NA,"57","Duplo","97",NA,"Ages_NA","4,","Box","NA","Retail","Large"
"100","10953","Unicorn","-",2021,NA,"8","Duplo","8",NA,"Ages_2+",NA,"Box","NA","Retail","Large"
"101","10954","Number Train - Learn To Count","148.99 Kr",2021,NA,"23","Duplo","23",NA,"Ages_NA","2","Box","NA","Retail","Large"
"102","10955","Animal Train","-",2021,NA,"15","Duplo","15",NA,"Ages_2+",NA,"Box","NA","Retail","Large"
"103","10956","Amusement Park","-",2021,NA,"72","Duplo","95",NA,"Ages_2+","7","Box","NA","Retail","Large"
"104","10957","Fire Helicopter & Police Car","-",2021,NA,"12","Duplo","14",NA,"Ages_2+",NA,"Box","NA","Retail","Large"
"105","10958","Creative Birthday Party","-",2021,NA,"67","Duplo","200",NA,"Ages_2+","2","Box","NA","Retail","Large"
"106","10959","Police Station & Helicopter","-",2022,NA,"29","Duplo","40",NA,"Ages_2+","2,","Box","NA","Retail","Large"
"107","10960","Belle's Ballroom","121.70 Kr",2022,NA,"17","Duplo","23",NA,"Ages_2+","4,","Box","NA","Retail","Large"
"108","10961","Airplane & Airport","-",2021,NA,"25","Duplo","28",NA,"Ages_2+","3,","Box","NA","Retail","Large"
"109","10962","Buzz Lightyear's Planetary Mission","270.89 Kr",2022,NA,"28","Duplo","37",NA,"Ages_NA","1,","Box","NA","Retail","Large"
"110","10963","Spider-Man & Friends: Funfair Adventure","-",2022,NA,"34","Duplo","41",NA,"Ages_2+","4,","Box","NA","Retail","Large"
"111","10964","Bath Time Fun: Floating Red Panda","-",2022,NA,"5","Duplo","5",NA,"Ages_NA",NA,"Box","NA","Retail","Large"
"112","10965","Bath Time Fun: Floating Animal Train","128.67 Kr",2022,NA,"14","Duplo","14",NA,"Ages_NA",NA,"Box","NA","Retail","Large"
"113","10966","Bath Time Fun: Floating Animal Island","235.87 Kr",2022,NA,"19","Duplo","20",NA,"Ages_NA",NA,"Box","NA","Retail","Large"
"114","10967","Police Motorcycle","67.72 Kr",2022,NA,"5","Duplo","5",NA,"Ages_2+","1,","Box","NA","Retail","Large"
"115","10968","Doctor Visit","-",2022,NA,"24","Duplo","34",NA,"Ages_2+","3,","Box","NA","Retail","Large"
"116","10969","Fire Truck","264.11 Kr",2022,NA,"20","Duplo","21",NA,"Ages_2+","1,","Box","NA","Retail","Large"
"117","10970","Fire Station & Helicopter","-",2022,NA,"49","Duplo","117",NA,"Ages_2+","2,","Box","NA","Retail","Large"
"118","10971","Wild Animals of Africa","81.27 Kr",2022,NA,"10","Duplo","10",NA,"Ages_2+",NA,"Box","NA","Retail","Large"
"119","10972","Wild Animals of the Ocean","156.37 Kr",2022,NA,"24","Duplo","32",NA,"Ages_2+",NA,"Box","NA","Retail","Large"
"120","10973","Wild Animals of South America","428.00 Kr",2022,NA,"42","Duplo","71",NA,"Ages_2+",NA,"Box","NA","Retail","Large"
"121","10974","Wild Animals of Asia","744.94 Kr",2022,NA,"49","Duplo","118",NA,"Ages_2+",NA,"Box","NA","Retail","Large"
"122","10975","Wild Animals of the World","1212 Kr",2022,NA,"74","Duplo","143",NA,"Ages_2+",NA,"Box","NA","Retail","Large"
"123","10976","Santa's Gingerbread House","-",2022,NA,"37","Duplo","50",NA,"Ages_2+","3,","Box","0.79Kg (1.73 lb)","Retail","Large"
"124","10977","My First Puppy & Kitten with Sounds","-",2022,NA,"21","Duplo","22",NA,"Ages_NA",NA,"Box","NA","Retail","Large"
"125","10978","Creative Building Time","-",2022,NA,"59","Duplo","120",NA,"Ages_NA",NA,"Box","NA","Retail","Large"
"126","10979","Wild Animals of Europe","-",2022,NA,"49","Duplo","85",NA,"Ages_2+",NA,"Box","NA","Retail","Large"
"127","10980","DUPLO Green Building Plate","121.90 Kr",2022,NA,"1","Duplo","1",NA,"Ages_2+",NA,"NA","NA","Retail","Large"
"128","10981",NA,"-",NA,NA,NA,NA,NA,NA,"Ages_NA",NA,NA,NA,NA,NA
"129","10982",NA,"-",NA,NA,NA,NA,NA,NA,"Ages_NA",NA,NA,NA,NA,NA
"130","10983",NA,"210.88 Kr",NA,NA,NA,NA,NA,NA,"Ages_NA",NA,NA,NA,NA,NA
"131","10984",NA,"399.56 Kr",NA,NA,NA,NA,NA,NA,"Ages_NA",NA,NA,NA,NA,NA
"132","10985",NA,"65.01 Kr",NA,NA,NA,NA,NA,NA,"Ages_NA",NA,NA,NA,NA,NA
"133","10986",NA,"156.37 Kr",NA,NA,NA,NA,NA,NA,"Ages_NA",NA,NA,NA,NA,NA
"134","10987",NA,"182.85 Kr",NA,NA,NA,NA,NA,NA,"Ages_NA",NA,NA,NA,NA,NA
"135","10990",NA,"467.28 Kr",NA,NA,NA,NA,NA,NA,"Ages_NA",NA,NA,NA,NA,NA
"136","10993",NA,"812.66 Kr",NA,NA,NA,NA,NA,NA,"Ages_NA",NA,NA,NA,NA,NA
"137","10994",NA,"1392 Kr",NA,NA,NA,NA,NA,NA,"Ages_NA",NA,NA,NA,NA,NA
"138","10995",NA,"211.29 Kr",NA,NA,NA,NA,NA,NA,"Ages_NA",NA,NA,NA,NA,NA
"139","10996",NA,"264.11 Kr",NA,NA,NA,NA,NA,NA,"Ages_NA",NA,NA,NA,NA,NA
"140","10997",NA,"428.00 Kr",NA,NA,NA,NA,NA,NA,"Ages_NA",NA,NA,NA,NA,NA
"141","10998",NA,"968.35 Kr",NA,NA,NA,NA,NA,NA,"Ages_NA",NA,NA,NA,NA,NA
"142","11006","Creative Blue Bricks",NA,2020,NA,"28","Classic","52",NA,"Ages_4+",NA,"Box","0.08Kg (0.18 lb)","Retail","Small"
"143","11007","Creative Green Bricks",NA,2020,NA,"36","Classic","60",NA,"Ages_4+",NA,"Box","0.08Kg (0.18 lb)","Retail","Small"
"144","11008","Bricks and Houses",NA,2020,NA,"121","Classic","270",NA,"Ages_4+",NA,"Box","0.47Kg (1.04 lb)","Retail","Small"
"145","11009","Bricks and Lights",NA,2020,NA,"173","Classic","441",NA,"Ages_5+",NA,"Box","NA","Retail","Small"
"146","11010","White Baseplate",NA,2020,NA,"1","Classic","1",NA,"Ages_4+",NA,"Shrink-wrapped","0.1Kg (0.22 lb)","Retail","Small"
"147","11011","Bricks and Animals",NA,2020,NA,"339","Classic","1500",NA,"Ages_4+",NA,"Box","NA","Retail","Small"
"148","11012","Creative White Bricks","54.11 Kr",2021,NA,"42","Classic","60",NA,"Ages_4+",NA,"Box","NA","Retail","Small"
"149","11013","Creative Transparent Bricks","257.14 Kr",2021,NA,"240","Classic","500",NA,"Ages_4+",NA,"Box","NA","Retail","Small"
"150","11014","Bricks and Wheels","-",2021,NA,"306","Classic","653",NA,"Ages_4+",NA,"Box","NA","Retail","Small"
"151","11015","Around the World",NA,2021,NA,"356","Classic","950",NA,"Ages_4+",NA,"Box","NA","Retail","Small"
"152","11016","Creative Building Bricks",NA,2021,NA,"341","Classic","1200",NA,"Ages_4+",NA,"Box","NA","Retail","Small"
"153","11017","Creative Monsters","67.72 Kr",2022,NA,"80","Classic","140",NA,"Ages_4+",NA,"Box","NA","Retail","Small"
"154","11018","Creative Ocean Fun","148.99 Kr",2022,NA,"149","Classic","333",NA,"Ages_4+",NA,"Box","NA","Retail","Small"
"155","11019","Bricks and Functions","361.63 Kr",2022,NA,"227","Classic","500",NA,"Ages_5+",NA,"Box","NA","Retail","Small"
"156","11020","Build Together","-",2022,NA,"495","Classic","1601",NA,"Ages_5+",NA,"Box","NA","Retail","Small"
"157","11021","90 Years of Play","-",2022,NA,"281","Classic","1100",NA,"Ages_5+",NA,"Box","NA","Retail","Small"
"158","11022","Space Mission",NA,2022,NA,"281","Classic","1700",NA,"Ages_5+",NA,"Box","NA","Retail","Small"
"159","11023","Green Baseplate","67.72 Kr",2022,NA,"1","Classic","1",NA,"Ages_4+",NA,"Shrink-wrapped","NA","Retail","Small"
"160","11024","Gray Baseplate","121.90 Kr",2022,NA,"1","Classic","1",NA,"Ages_4+",NA,"Shrink-wrapped","NA","Retail","Small"
"161","11025","Blue Baseplate","65.01 Kr",2022,NA,"1","Classic","1",NA,"Ages_4+",NA,"Shrink-wrapped","NA","Retail","Small"
"162","11026","White Baseplate","65.01 Kr",2022,NA,"1","Classic","1",NA,"Ages_4+",NA,"Shrink-wrapped","NA","Retail","Small"
"163","11027",NA,"135.44 Kr",NA,NA,NA,NA,NA,NA,"Ages_NA",NA,NA,NA,NA,NA
"164","11028",NA,"148.99 Kr",NA,NA,NA,NA,NA,NA,"Ages_NA",NA,NA,NA,NA,NA
"165","11029",NA,"480.76 Kr",NA,NA,NA,NA,NA,NA,"Ages_NA",NA,NA,NA,NA,NA
"166","11030",NA,"482.18 Kr",NA,NA,NA,NA,NA,NA,"Ages_NA",NA,NA,NA,NA,NA
"167","11031",NA,"-",NA,NA,NA,NA,NA,NA,"Ages_NA",NA,NA,NA,NA,NA
"168","11717","Bricks Bricks Plates",NA,2020,NA,"332","Classic","1504",NA,"Ages_4 - 99",NA,"Box","NA","Retail","Small"
"169","11931","Parts for Cute Ideas",NA,2020,NA,"17","Miscellaneous","35",NA,"Ages_7+",NA,"Polybag","NA","NA","Small"
"170","11933","Epic History parts",NA,2020,NA,"32","Miscellaneous","53",NA,"Ages_6+",NA,"Polybag","NA","NA","Small"
"171","11934","Parts for Jurassic World Build Your Own Adventure",NA,2020,NA,"41","Jurassic World","63",NA,"Ages_NA","1","Polybag","NA","NA","Small"
"172","11936","Parts for City: Build your own Adventure",NA,2020,NA,NA,"City","NA",NA,"Ages_NA",NA,"Polybag","NA","NA","Small"
"173","11956","Parts for Super Nature",NA,2021,NA,"25","Miscellaneous","51",NA,"Ages_6+",NA,"Polybag","NA","NA","Small"
"174","11957","Parts for {LEGO Build Book}",NA,2021,NA,"17","Miscellaneous","32",NA,"Ages_NA",NA,"Polybag","NA","NA","Small"
"175","11960","Parts for Party Ideas",NA,2022,NA,"9","Miscellaneous","25",NA,"Ages_NA",NA,"Polybag","NA","Retail - limited","Small"
"176","2000458","Spike Essential Introductory Set",NA,2021,NA,"40","Education","108",NA,"Ages_NA","1","NA","NA","NA","Small"
"177","2000461","Discover More",NA,2020,NA,NA,"Education","12",NA,"Ages_4+",NA,"Box","NA","Educational","Small"
"178","2000470","BricQ Motion Prime Personal Learning Kit",NA,2021,NA,"37","Education","78",NA,"Ages_NA",NA,"Box","NA","Educational","Small"
"179","2000471","BricQ Motion Essential Personal Learning Kit",NA,2021,NA,"44","Education","62",NA,"Ages_NA","2,","Box","NA","Educational","Small"
"180","21051","Tokyo",NA,2020,NA,"147","Architecture","547",NA,"Ages_16+",NA,"Box","0.58Kg (1.28 lb)","Retail - limited","Small"
"181","21052","Dubai",NA,2020,NA,"127","Architecture","740",NA,"Ages_16+",NA,"Box","0.59Kg (1.3 lb)","Retail - limited","Small"
"182","21054","The White House",NA,2020,NA,"180","Architecture","1483",NA,"Ages_18+",NA,"Box","1.57Kg (3.46 lb)","Retail - limited","Small"
"183","21056","Taj Mahal","1009 Kr",2021,NA,"151","Architecture","2022",NA,"Ages_18+",NA,"Box","NA","Retail","Small"
"184","21057","Singapore","507.91 Kr",2022,NA,"150","Architecture","827",NA,"Ages_18+",NA,"Box","NA","Retail","Small"
"185","21058","The Great Pyramid of Giza","-",2022,NA,"238","Architecture","1476",NA,"Ages_18+",NA,"Box","NA","Retail","Small"
"186","21156","BigFig Creeper and Ocelot",NA,2020,NA,"65","Minecraft","184",NA,"Ages_7+",NA,"Box","0.16Kg (0.35 lb)","Retail","Small"
"187","21157","BigFig Pig with Baby Zombie",NA,2020,NA,"47","Minecraft","159",NA,"Ages_7+",NA,"Box","0.17Kg (0.37 lb)","Retail","Small"
"188","21158","The Panda Nursery",NA,2020,NA,"76","Minecraft","204",NA,"Ages_7+","1","Box","0.32Kg (0.7 lb)","Retail","Small"
"189","21159","The Pillager Outpost",NA,2020,NA,"94","Minecraft","303",NA,"Ages_8+","4,","Box","0.47Kg (1.04 lb)","Retail","Small"
"190","21160","The Illager Raid",NA,2020,NA,"187","Minecraft","562",NA,"Ages_8+","5,","Box","0.84Kg (1.85 lb)","Retail","Small"
"191","21161","The Crafting Box 3.0",NA,2020,NA,"128","Minecraft","564",NA,"Ages_8+","4","Box","1.3Kg (2.86 lb)","Retail","Small"
"192","21162","The Taiga Adventure",NA,2020,NA,"48","Minecraft","74",NA,"Ages_7+","2,","Box","0.1Kg (0.22 lb)","Retail","Small"
"193","21163","The Redstone Battle",NA,2020,NA,"134","Minecraft","504",NA,"Ages_8+","4,","Box","0.65Kg (1.43 lb)","Retail","Small"
"194","21164","The Coral Reef","108.29 Kr",2021,NA,"61","Minecraft","92",NA,"Ages_NA","2,","Box","NA","Retail","Small"
"195","21165","The Bee Farm","-",2021,NA,"90","Minecraft","238",NA,"Ages_8+","2,","Box","NA","Retail","Small"
"196","21166","The 'Abandoned' Mine","-",2021,NA,"100","Minecraft","248",NA,"Ages_7+","2","Box","NA","Retail","Small"
"197","21167","The Trading Post","416.28 Kr",2021,NA,"82","Minecraft","201",NA,"Ages_8+","3,","Box","NA","Retail","Small"
"198","21168","The Warped Forest","516.44 Kr",2021,NA,"93","Minecraft","287",NA,"Ages_8+","3,","Box","NA","Retail","Small"
"199","21169","The First Adventure","1194 Kr",2021,NA,"182","Minecraft","542",NA,"Ages_8+","4","Box","NA","Retail","Small"
"200","21170","The Pig House","524.71 Kr",2021,NA,"114","Minecraft","490",NA,"Ages_NA","2","Box","NA","Retail","Small"
"201","21171","The Horse Stable","412.15 Kr",2021,NA,"101","Minecraft","241",NA,"Ages_8+","2,","Box","NA","Retail","Small"
"202","21172","The Ruined Portal","358.04 Kr",2021,NA,"127","Minecraft","316",NA,"Ages_8+","2,","Box","NA","Retail","Small"
"203","21173","The Sky Tower","-",2021,NA,"163","Minecraft","565",NA,"Ages_8+","1,","Box","NA","Retail","Small"
"204","21174","The Modern Treehouse","-",2021,NA,"197","Minecraft","909",NA,"Ages_9+","4,","Box","NA","Retail","Small"
"205","21176","The Jungle Abomination","-",2021,NA,"176","Minecraft","489",NA,"Ages_8+","5,","Box","NA","Retail","Small"
"206","21177","The Creeper Ambush","-",2022,NA,"45","Minecraft","72",NA,"Ages_7+","2,","Box","NA","Retail","Small"
"207","21178","The Fox Lodge","157.11 Kr",2022,NA,"90","Minecraft","193",NA,"Ages_8+","2,","Box","NA","Retail","Small"
"208","21179","The Mushroom House","157.11 Kr",2022,NA,"87","Minecraft","272",NA,"Ages_8+","2","Box","NA","Retail","Small"
"209","21180","The Guardian Battle","-",2022,NA,"98","Minecraft","255",NA,"Ages_8+","1,","Box","NA","Retail","Small"
"210","21181","The Rabbit Ranch","-",2022,NA,"144","Minecraft","340",NA,"Ages_8+","2,","Box","NA","Retail","Small"
"211","21182","{?}",NA,2022,NA,NA,"Minecraft","NA",NA,"Ages_NA",NA,"NA","NA","NA","Small"
"212","21183","The Training Grounds","604.35 Kr",2022,NA,"171","Minecraft","534",NA,"Ages_8+","3,","Box","NA","Retail","Small"
"213","21184","The Bakery","157.11 Kr",2022,NA,"87","Minecraft","154",NA,"Ages_8+","3,","Box","NA","Retail","Small"
"214","21185","The Nether Bastion","319.65 Kr",2022,NA,"112","Minecraft","300",NA,"Ages_8+","3,","Box","NA","Retail","Small"
"215","21186","The Ice Castle","-",2022,NA,"120","Minecraft","499",NA,"Ages_8+","6,","Box","NA","Retail","Small"
"216","21187","The Red Barn","-",2022,NA,"204","Minecraft","799",NA,"Ages_NA","3,","Box","NA","Retail","Small"
"217","21188","The Llama Village","1077 Kr",2022,NA,"258","Minecraft","1252",NA,"Ages_9+","6,","Box","NA","Retail","Small"
"218","21189","The Skeleton Dungeon","265.47 Kr",2022,NA,"153","Minecraft","364",NA,"Ages_8+","4","Box","NA","Retail","Small"
"219","21190","The Abandoned Village","433.35 Kr",2022,NA,"128","Minecraft","422",NA,"Ages_8+","3,","Box","NA","Retail","Small"
"220","21226","Art Project - Create Together","-",2021,NA,"37","Art","4138",NA,"Ages_7+",NA,"Box","NA","Retail","Small"
"221","21240",NA,"92.10 Kr",NA,NA,NA,NA,NA,NA,"Ages_NA",NA,NA,NA,NA,NA
"222","21241",NA,"156.37 Kr",NA,NA,NA,NA,NA,NA,"Ages_NA",NA,NA,NA,NA,NA
"223","21242",NA,"211.29 Kr",NA,NA,NA,NA,NA,NA,"Ages_NA",NA,NA,NA,NA,NA
"224","21243",NA,"265.47 Kr",NA,NA,NA,NA,NA,NA,"Ages_NA",NA,NA,NA,NA,NA
"225","21244",NA,"372.47 Kr",NA,NA,NA,NA,NA,NA,"Ages_NA",NA,NA,NA,NA,NA
"226","21245",NA,"405.99 Kr",NA,NA,NA,NA,NA,NA,"Ages_NA",NA,NA,NA,NA,NA
"227","21246",NA,"-",NA,NA,NA,NA,NA,NA,"Ages_NA",NA,NA,NA,NA,NA
"228","21247",NA,"284.43 Kr",NA,NA,NA,NA,NA,NA,"Ages_NA",NA,NA,NA,NA,NA
"229","21248",NA,"358.86 Kr",NA,NA,NA,NA,NA,NA,"Ages_NA",NA,NA,NA,NA,NA
"230","21249",NA,"673.69 Kr",NA,NA,NA,NA,NA,NA,"Ages_NA",NA,NA,NA,NA,NA
"231","21250",NA,"978.58 Kr",NA,NA,NA,NA,NA,NA,"Ages_NA",NA,NA,NA,NA,NA
"232","21321","International Space Station",NA,2020,NA,"186","Ideas","864",NA,"Ages_16+",NA,"Box","0.61Kg (1.34 lb)","Retail - limited","Small"
"233","21322","Pirates of Barracuda Bay",NA,2020,NA,"585","Ideas","2545",NA,"Ages_16+","10,","Box","4.43Kg (9.76 lb)","Retail - limited","Small"
"234","21323","Grand Piano",NA,2020,NA,"345","Ideas","3662",NA,"Ages_18+",NA,"Box","6.09Kg (13.41 lb)","Retail - limited","Small"
"235","21324","123 Sesame Street",NA,2020,NA,"610","Ideas","1367",NA,"Ages_18+","6,","Box","1.86Kg (4.1 lb)","Retail - limited","Small"
"236","21325","Medieval Blacksmith","-",2021,NA,"452","Ideas","2164",NA,"Ages_18+","4,","Box","2.42Kg (5.32 lb)","Retail - limited","Small"
"237","21326","Winnie the Pooh","-",2021,NA,"348","Ideas","1265",NA,"Ages_18+","5,","Box","1.27Kg (2.8 lb)","Retail - limited","Small"
"238","21327","Typewriter","-",2021,NA,"378","Ideas","2079",NA,"Ages_18+",NA,"Box","NA","Retail - limited","Small"
"239","21328","Seinfeld","-",2021,NA,"322","Ideas","1326",NA,"Ages_18+","5,","Box","NA","Retail - limited","Small"
"240","21329","Fender Stratocaster","-",2021,NA,"290","Ideas","1074",NA,"Ages_18+",NA,"Box","NA","Retail - limited","Small"
"241","21330","Home Alone","-",2021,NA,"759","Ideas","3955",NA,"Ages_18+","5,","Box","NA","Retail - limited","Small"
"242","21331","Sonic the Hedgehog - Green Hill Zone","-",2022,NA,"285","Ideas","1125",NA,"Ages_18+","1,","Box","NA","Retail - limited","Small"
"243","21332","The Globe","-",2022,NA,"219","Ideas","2585",NA,"Ages_18+",NA,"Box","NA","Retail - limited","Small"
"244","21333","Vincent van Gogh - The Starry Night","-",2022,NA,"275","Ideas","2316",NA,"Ages_18+","1,","Box","2.85Kg (6.28 lb)","Retail - limited","Small"
"245","21334","Jazz Quartet","-",2022,NA,"391","Ideas","1606",NA,"Ages_18+",NA,"Box","NA","Retail - limited","Small"
"246","21335","Motorized Lighthouse","-",2022,NA,"493","Ideas","2065",NA,"Ages_18+","2,","Box","3.34Kg (7.35 lb)","Retail - limited","Small"
"247","21336","The Office",NA,2022,NA,"409","Ideas","1164",NA,"Ages_18+","15,","Box","NA","Retail - limited","Small"
"248","21337","Table Football",NA,2022,NA,"325","Ideas","2339",NA,"Ages_18+","22,","Box","NA","Retail - limited","Small"
"249","21338",NA,"-",NA,NA,NA,NA,NA,NA,"Ages_NA",NA,NA,NA,NA,NA
"250","21339",NA,"-",NA,NA,NA,NA,NA,NA,"Ages_NA",NA,NA,NA,NA,NA
"251","30329","My First Giraffe",NA,2020,NA,"4","Duplo","5",NA,"Ages_NA",NA,"Polybag","NA","NA","Large"
"252","30330","Birthday Cake",NA,2020,NA,"8","Duplo","9",NA,"Ages_NA",NA,"Polybag","NA","NA","Large"
"253","30331","The Nether Duel",NA,2021,NA,"26","Minecraft","28",NA,"Ages_NA","2,","Polybag","NA","NA","Small"
"254","30332","My First Space Rocket",NA,2021,NA,"8","Duplo","8",NA,"Ages_NA",NA,"Polybag","NA","NA","Large"
"255","30333","My First Elephant",NA,2022,NA,"6","Duplo","6",NA,"Ages_NA",NA,"Polybag","NA","Retail","Large"
"256","30341","Monkie Kid's Delivery Bike",NA,2020,NA,"18","Monkie Kid","22",NA,"Ages_5+","1","Polybag","NA","LEGO exclusive","Small"
"257","30342","Lamborghini Huracán Super Trofeo EVO",NA,2020,NA,"32","Speed Champions","70",NA,"Ages_NA",NA,"Polybag","NA","Retail - limited","Small"
"258","30343","McLaren Elva",NA,2021,NA,"35","Speed Champions","85",NA,"Ages_NA",NA,"Polybag","NA","LEGO exclusive","Small"
"259","30344","Mini Monkey King Warrior Mech",NA,2021,NA,"31","Monkie Kid","65",NA,"Ages_NA",NA,"Polybag","NA","LEGO exclusive","Small"
"260","30366","Police Car",NA,2020,NA,"23","City","37",NA,"Ages_5+","1","Polybag","0.03Kg (0.07 lb)","Retail - limited","Small"
"261","30367","Police Helicopter",NA,2020,NA,"31","City","39",NA,"Ages_5+","1,","Polybag","NA","Retail - limited","Small"
"262","30368","Fire Rescue Water Scooter",NA,2020,NA,"26","City","33",NA,"Ages_5+","1,","Polybag","0.04Kg (0.09 lb)","Retail - limited","Small"
"263","30369","Beach Buggy",NA,2020,NA,"29","City","45",NA,"Ages_5+","1,","Polybag","0.04Kg (0.09 lb)","LEGO exclusive","Small"
"264","30370","Ocean Diver",NA,2020,NA,"20","City","22",NA,"Ages_5+","1,","Polybag","0.03Kg (0.06 lb)","Retail - limited","Small"
"265","30385","Super Mushroom Surprise",NA,2020,NA,"15","Super Mario","18",NA,"Ages_NA","1","Polybag","NA","Retail - limited","Small"
"266","30386","Poe Dameron's X-wing Fighter",NA,2020,NA,"27","Star Wars","72",NA,"Ages_NA",NA,"Polybag","NA","NA","Small"
"267","30387","Bob Minion with Robot Arms",NA,2021,NA,"41","Minions: The Rise of Gru","75",NA,"Ages_NA","1,","Polybag","NA","LEGO exclusive","Small"
"268","30388","Imperial Shuttle",NA,2021,NA,"37","Star Wars","85",NA,"Ages_NA",NA,"Polybag","NA","LEGO exclusive","Small"
"269","30389","Fuzzy & Mushroom Platform",NA,2021,NA,"21","Super Mario","39",NA,"Ages_NA","1","Polybag","NA","LEGO exclusive","Small"
"270","30390","Dinosaur Market",NA,2022,NA,"21","Jurassic World","30",NA,"Ages_NA","1,","Polybag","NA","NA","Small"
"271","30391","Rapunzel's Boat",NA,2021,NA,"29","Disney","32",NA,"Ages_NA","1,","Polybag","NA","NA","Small"
"272","30392","Hermione's Study Desk",NA,2021,NA,"26","Harry Potter","31",NA,"Ages_NA","1,","Polybag","NA","NA","Small"
"273","30394","The Skeleton Defense",NA,2020,NA,"24","Minecraft","31",NA,"Ages_NA","2","Polybag","NA","Retail","Small"
"274","30411","Chocolate Box & Flower",NA,2020,NA,"32","Friends","75",NA,"Ages_5+",NA,"Polybag","0.05Kg (0.12 lb)","Retail - limited","Small"
"275","30412","Park Picnic",NA,2020,NA,"29","Friends","44",NA,"Ages_NA","1","Polybag","NA","Retail","Small"
"276","30413","Flower Cart",NA,2021,NA,"35","Friends","55",NA,"Ages_NA","2","Polybag","NA","Retail","Small"
"277","30414","Emma's Magical Box",NA,2021,NA,"35","Friends","67",NA,"Ages_NA","1","Polybag","NA","NA","Small"
"278","30416","Market Stall",NA,2022,NA,"34","Friends","54",NA,"Ages_5+","2","Polybag","NA","LEGO exclusive","Small"
"279","30417","Garden Flower and Butterfly",NA,2022,NA,"25","Friends","57",NA,"Ages_5+",NA,"Polybag","0.04Kg (0.08 lb)","Retail","Small"
"280","30420","Harry Potter and Hedwig: Owl Delivery",NA,2020,NA,"19","Harry Potter","31",NA,"Ages_NA","1","Polybag","NA","LEGO exclusive","Small"
"281","30432","The Turtle Beach",NA,2022,NA,"27","Minecraft","46",NA,"Ages_NA","1","Polybag","NA","NA","Small"
"282","30433","Volvo Wheel Loader",NA,2022,NA,"26","Technic","69",NA,"Ages_7+",NA,"Polybag","NA","LEGO exclusive","Small"
"283","30434","Aston Martin Valkyrie AMR Pro",NA,2022,NA,"39","Speed Champions","97",NA,"Ages_NA",NA,"Polybag","NA","LEGO exclusive","Small"
"284","30435","Build Your Own Hogwarts Castle",NA,2022,NA,"30","Harry Potter","67",NA,"Ages_NA","1,","Polybag","NA","Retail","Small"
"285","30443","Spider-Man Bridge Battle",NA,2022,NA,"26","Marvel Super Heroes","44",NA,"Ages_NA","1","Polybag","NA","Retail","Small"
"286","30453","Captain Marvel and Nick Fury",NA,2020,NA,"28","Marvel Super Heroes","32",NA,"Ages_6+","2","Polybag","NA","NA","Small"
"287","30454","Shang-Chi and The Great Protector",NA,2021,NA,"35","Marvel Super Heroes","55",NA,"Ages_NA","1","Polybag","NA","LEGO exclusive","Small"
"288","30455","Batmobile",NA,2022,NA,"29","DC Comics Super Heroes","68",NA,"Ages_NA",NA,"Polybag","NA","Retail","Small"
"289","30463","Chef Enzo's Haunted Hotdog Stand",NA,2020,NA,"26","Hidden Side","38",NA,"Ages_NA","1,","Polybag","NA","Promotional","Small"
"290","30464","El Fuego's Stunt Cannon",NA,2020,NA,"28","Hidden Side","46",NA,"Ages_NA","1,","Polybag","NA","LEGO exclusive","Small"
"291","30465","Helicopter",NA,2021,NA,"31","Technic","70",NA,"Ages_NA",NA,"Polybag","NA","NA","Small"
"292","30495","AT-ST",NA,2022,NA,"33","Star Wars","79",NA,"Ages_NA",NA,"Polybag","NA","Retail","Small"
"293","30503","Build Your Own Animals - Make It Yours",NA,2022,NA,"10","Miscellaneous","16",NA,"Ages_5+",NA,"Polybag","0.02Kg (0.04 lb)","LEGO exclusive","Small"
"294","30509","Yellow Yoshi's Fruit Tree",NA,2022,NA,"34","Super Mario","46",NA,"Ages_NA","1,","Polybag","NA","Retail","Small"
"295","30510","90 Years of Cars",NA,2022,NA,"25","Classic","71",NA,"Ages_4+",NA,"Polybag","0.06Kg (0.14 lb)","LEGO exclusive","Small"
"296","30536","Combo Charger",NA,2020,NA,"35","Ninjago","71",NA,"Ages_NA",NA,"Polybag","NA","NA","Small"
"297","30537","Merchant Avatar Jay",NA,2020,NA,"29","Ninjago","47",NA,"Ages_NA","1,","Polybag","NA","NA","Small"
"298","30539","Lloyd's Quad Bike",NA,2021,NA,"24","Ninjago","39",NA,"Ages_NA","1,","Polybag","NA","LEGO exclusive","Small"
"299","30548","Build Your Own Birds - Make It Yours",NA,2020,NA,"15","Miscellaneous","26",NA,"Ages_5+",NA,"Polybag","0.01Kg (0.03 lb)","LEGO exclusive","Small"
"300","30549","Build Your Own Vehicles - Make It Yours",NA,2020,NA,"24","Miscellaneous","59",NA,"Ages_NA",NA,"Polybag","0.03Kg (0.07 lb)","LEGO exclusive","Small"
"301","30550","Easter Bunny",NA,2020,NA,"33","Creator","67",NA,"Ages_NA",NA,"Polybag","0.04Kg (0.09 lb)","LEGO exclusive","Small"
"302","30554","Cinderella Mini Castle",NA,2020,NA,"32","Disney","43",NA,"Ages_NA","1,","Polybag","NA","NA","Small"
"303","30555","Poppy's Carriage",NA,2020,NA,"30","Trolls World Tour","51",NA,"Ages_NA","1,","Polybag","NA","Retail","Small"
"304","30556","Mini Frame",NA,2020,NA,"13","Dots","85",NA,"Ages_NA",NA,"Polybag","NA","LEGO exclusive","Small"
"305","30557","Photo Holder Cube",NA,2021,NA,"23","Dots","109",NA,"Ages_NA",NA,"Polybag","NA","LEGO exclusive","Small"
"306","30558","Raya and the Ongi's Heart Lands Adventure",NA,2021,NA,"30","Disney","49",NA,"Ages_5+","1","Polybag","NA","Retail","Small"
"307","30559","Elsa and Bruni's Forest Camp",NA,2022,NA,"35","Disney","58",NA,"Ages_5+","1,","Polybag","NA","Retail","Small"
"308","30560","Pineapple Photo Holder and Mini Board",NA,2022,NA,"21","Dots","116",NA,"Ages_NA",NA,"Polybag","NA","Retail","Small"
"309","30562","Monkie Kid's Underwater Journey",NA,2022,NA,"32","Monkie Kid","57",NA,"Ages_NA","3,","Polybag","NA","LEGO exclusive","Small"
"310","30563","Build Your Own Snail with Superpowers - Make It Yours",NA,2021,NA,"20","Miscellaneous","36",NA,"Ages_5+",NA,"Polybag","0.03Kg (0.06 lb)","LEGO exclusive","Small"
"311","30564","Build Your Own Monster or Vehicles – Make It Yours",NA,2021,NA,"27","Miscellaneous","60",NA,"Ages_NA",NA,"Polybag","0.04Kg (0.08 lb)","LEGO exclusive","Small"
"312","30565","Birthday Clown",NA,2021,NA,"36","Creator","59",NA,"Ages_6+",NA,"Polybag","0.04Kg (0.09 lb)","NA","Small"
"313","30566","Fire Helicopter",NA,2021,NA,"29","City","35",NA,"Ages_5+","1,","Polybag","0.04Kg (0.09 lb)","LEGO exclusive","Small"
"314","30567","Police Water Scooter",NA,2021,NA,"26","City","33",NA,"Ages_5+","1,","Polybag","0.03Kg (0.07 lb)","LEGO exclusive","Small"
"315","30568","Skater",NA,2021,NA,"23","City","40",NA,"Ages_5+","1,","Polybag","0.03Kg (0.07 lb)","NA","Small"
"316","30569","LEGO Stand",NA,2021,NA,"30","City","47",NA,"Ages_5+","1,","Polybag","0.04Kg (0.09 lb)","NA","Small"
"317","30570","Wildlife Rescue Hovercraft",NA,2021,NA,"25","City","35",NA,"Ages_5+","1,","Polybag","0.04Kg (0.08 lb)","Retail - limited","Small"
"318","30574","Cat",NA,2020,NA,"21","Creator","55",NA,"Ages_NA",NA,"Polybag","0.03Kg (0.07 lb)","Retail - limited","Small"
"319","30575","Train",NA,2020,NA,"36","Creator","59",NA,"Ages_6+",NA,"Polybag","0.04Kg (0.09 lb)","NA","Small"
"320","30576","Holiday Tree",NA,2020,NA,"27","Creator","70",NA,"Ages_NA",NA,"Polybag","0.04Kg (0.09 lb)","LEGO exclusive","Small"
"321","30577","Super Muscle Car",NA,2021,NA,"33","Creator","63",NA,"Ages_NA",NA,"Polybag","NA","NA","Small"
"322","30578","German Shepherd",NA,2021,NA,"31","Creator","76",NA,"Ages_6+",NA,"Polybag","0.05Kg (0.1 lb)","Retail","Small"
"323","30579","Easter Chick Egg",NA,2021,NA,"26","Creator","52",NA,"Ages_NA",NA,"Polybag","0.04Kg (0.09 lb)","Retail","Small"
"324","30580","Santa Claus",NA,2021,NA,"31","Creator","69",NA,"Ages_6+",NA,"Polybag","0.04Kg (0.1 lb)","Promotional","Small"
"325","30581","Tropical Parrot",NA,2022,NA,"33","Creator","66",NA,"Ages_NA",NA,"Polybag","0.04Kg (0.09 lb)","LEGO exclusive","Small"
"326","30582","Birthday Bear",NA,2022,NA,"32","Creator","80",NA,"Ages_NA",NA,"Polybag","0.04Kg (0.1 lb)","LEGO exclusive","Small"
"327","30583","Easter Bunny",NA,2022,NA,"30","Creator","75",NA,"Ages_NA",NA,"Polybag","0.04Kg (0.09 lb)","LEGO exclusive","Small"
"328","30584","Winter Holiday Train",NA,2022,NA,"33","Creator","73",NA,"Ages_NA",NA,"Polybag","0.06Kg (0.13 lb)","LEGO exclusive","Small"
"329","30585","Fire Patrol Vehicle",NA,2022,NA,"27","City","45",NA,"Ages_5+","1,","Polybag","0.05Kg (0.1 lb)","Retail","Small"
"330","30587","Police Robot Unit",NA,2022,NA,NA,"City","36",NA,"Ages_5+",NA,"Polybag","NA","NA","Small"
"331","30588","Kids' Playground",NA,2022,NA,"37","City","51",NA,"Ages_5+","2,","Polybag","0.04Kg (0.09 lb)","LEGO exclusive","Small"
"332","30589","Go-Kart Racer",NA,2022,NA,"23","City","39",NA,"Ages_5+","1,","Polybag","0.03Kg (0.07 lb)","Retail","Small"
"333","30590","Farm Garden & Scarecrow",NA,2022,NA,"29","City","34",NA,"Ages_5+","1,","Polybag","0.03Kg (0.06 lb)","Retail","Small"
"334","30591","Titanium Mini Mech",NA,2021,NA,"30","Ninjago","77",NA,"Ages_7+",NA,"Polybag","NA","Retail","Small"
"335","30592","Mini Thunder Raider",NA,2022,NA,"26","Ninjago","69",NA,"Ages_7+",NA,"Polybag","NA","LEGO exclusive","Small"
"336","30593","Lloyd Suit Mech",NA,2022,NA,"30","Ninjago","59",NA,"Ages_NA","1","Polybag","NA","Retail","Small"
"337","30594","Rock Monster Truck",NA,2022,NA,"25","Creator","54",NA,"Ages_NA",NA,"Polybag","NA","Retail","Small"
"338","30625","Luke Skywalker with Blue Milk",NA,2022,NA,"6","Star Wars","6",NA,"Ages_NA","1,","Polybag","NA","Promotional","Small"
"339","30628","Monster Book of Monsters",NA,2020,NA,"90","Harry Potter","320",NA,"Ages_10+","1,","Box","NA","LEGO exclusive","Small"
"340","31099","Propeller Plane",NA,2020,NA,"50","Creator","128",NA,"Ages_NA",NA,"Box","0.17Kg (0.37 lb)","Retail","Small"
"341","31100","Sports Car",NA,2020,NA,"60","Creator","134",NA,"Ages_NA",NA,"Box","0.22Kg (0.48 lb)","Retail","Small"
"342","31101","Monster Truck",NA,2020,NA,"54","Creator","163",NA,"Ages_7+",NA,"Box","0.25Kg (0.55 lb)","Retail","Small"
"343","31102","Fire Dragon",NA,2020,NA,"80","Creator","234",NA,"Ages_7+",NA,"Box","0.34Kg (0.75 lb)","Retail","Small"
"344","31103","Rocket Truck",NA,2020,NA,"90","Creator","198",NA,"Ages_7+",NA,"Box","0.38Kg (0.84 lb)","Retail","Small"
"345","31104","Monster Burger Truck",NA,2020,NA,"183","Creator","499",NA,"Ages_8+","2,","Box","0.93Kg (2.05 lb)","Retail","Small"
"346","31105","Townhouse Toy Store",NA,2020,NA,"194","Creator","554",NA,"Ages_8+","2,","Box","0.88Kg (1.94 lb)","Retail","Small"
"347","31107","Space Rover Explorer",NA,2020,NA,"206","Creator","510",NA,"Ages_8+","1,","Box","0.75Kg (1.65 lb)","Retail","Small"
"348","31108","Caravan Family Holiday",NA,2020,NA,"328","Creator","766",NA,"Ages_9+","3,","Box","1.37Kg (3.02 lb)","Retail","Small"
"349","31109","Pirate Ship",NA,2020,NA,"359","Creator","1264",NA,"Ages_9+","4,","Box","2.04Kg (4.49 lb)","Retail","Small"
"350","31111","Cyber Drone","81.27 Kr",2021,NA,"57","Creator","113",NA,"Ages_NA","1,","Box","NA","Retail","Small"
"351","31112","Wild Lion","-",2021,NA,"78","Creator","224",NA,"Ages_7+",NA,"Box","0.31Kg (0.69 lb)","Retail","Small"
"352","31113","Race Car Transporter","-",2021,NA,"110","Creator","328",NA,"Ages_7+",NA,"Box","NA","Retail","Small"
"353","31114","Superbike","399.15 Kr",2021,NA,"109","Creator","236",NA,"Ages_8+",NA,"Box","NA","Retail","Small"
"354","31115","Space Mining Mech","-",2021,NA,"91","Creator","327",NA,"Ages_7+",NA,"Box","NA","Retail","Small"
"355","31116","Safari Wildlife Tree House","-",2021,NA,"160","Creator","397",NA,"Ages_7+","2,","Box","0.67Kg (1.48 lb)","Retail","Small"
"356","31117","Space Shuttle Adventure","-",2021,NA,"164","Creator","486",NA,"Ages_8+","1,","Box","NA","Retail","Small"
"357","31118","Surfer Beach House","-",2021,NA,"195","Creator","564",NA,"Ages_8+","2,","Box","1.04Kg (2.29 lb)","Retail","Small"
"358","31119","Ferris Wheel","1009 Kr",2021,NA,"209","Creator","1002",NA,"Ages_9+","5,","Box","1.44Kg (3.18 lb)","Retail","Small"
"359","31120","Medieval Castle","-",2021,NA,"319","Creator","1426",NA,"Ages_9+","4,","Box","2.28Kg (5.03 lb)","Retail","Small"
"360","31121","Crocodile",NA,2021,NA,"101","Creator","454",NA,"Ages_7+",NA,"Box","0.58Kg (1.29 lb)","Retail","Small"
"361","31122","Fish Tank",NA,2021,NA,"118","Creator","352",NA,"Ages_8+",NA,"Box","0.58Kg (1.27 lb)","Retail","Small"
"362","31123","Off-Road Buggy","101.58 Kr",2022,NA,"70","Creator","160",NA,"Ages_NA",NA,"Box","NA","Retail","Small"
"363","31124","Super Robot","67.72 Kr",2022,NA,"52","Creator","159",NA,"Ages_NA",NA,"Box","NA","Retail","Small"
"364","31125","Fantasy Forest Creatures","102.94 Kr",2022,NA,"65","Creator","175",NA,"Ages_7+",NA,"Box","0.25Kg (0.54 lb)","Retail","Small"
"365","31126","Supersonic-jet","246.10 Kr",2022,NA,"93","Creator","215",NA,"Ages_7+",NA,"Box","NA","Retail","Small"
"366","31127","Street Racer","148.99 Kr",2022,NA,"93","Creator","258",NA,"Ages_7+",NA,"Box","NA","Retail","Small"
"367","31128","Dolphin and Turtle","67.72 Kr",2022,NA,"53","Creator","137",NA,"Ages_NA",NA,"Box","0.18Kg (0.4 lb)","Retail","Small"
"368","31129","Majestic Tiger","433.35 Kr",2022,NA,"180","Creator","755",NA,"Ages_9+",NA,"Box","0.89Kg (1.96 lb)","Retail","Small"
"369","31130","Sunken Treasure Mission","-",2022,NA,"159","Creator","522",NA,"Ages_8+","2,","Box","NA","Retail","Small"
"370","31131","Downtown Noodle Shop","391.57 Kr",2022,NA,"197","Creator","569",NA,"Ages_8+","2,","Box","0.89Kg (1.97 lb)","Retail","Small"
"371","31132","Viking Ship and the Midgard Serpent","924.33 Kr",2022,NA,"252","Creator","1192",NA,"Ages_9+","4,","Box","NA","Retail","Small"
"372","31133",NA,"148.99 Kr",NA,NA,NA,NA,NA,NA,"Ages_NA",NA,NA,NA,NA,NA
"373","31134",NA,"65.01 Kr",NA,NA,NA,NA,NA,NA,"Ages_NA",NA,NA,NA,NA,NA
"374","31135",NA,"102.94 Kr",NA,NA,NA,NA,NA,NA,"Ages_NA",NA,NA,NA,NA,NA
"375","31136",NA,"203.17 Kr",NA,NA,NA,NA,NA,NA,"Ages_NA",NA,NA,NA,NA,NA
"376","31137",NA,"264.11 Kr",NA,NA,NA,NA,NA,NA,"Ages_NA",NA,NA,NA,NA,NA
"377","31138",NA,"-",NA,NA,NA,NA,NA,NA,"Ages_NA",NA,NA,NA,NA,NA
"378","31139",NA,"467.28 Kr",NA,NA,NA,NA,NA,NA,"Ages_NA",NA,NA,NA,NA,NA
"379","31140",NA,"67.72 Kr",NA,NA,NA,NA,NA,NA,"Ages_NA",NA,NA,NA,NA,NA
"380","31197","Andy Warhol's Marilyn Monroe",NA,2020,NA,"27","Art","3341",NA,"Ages_18+",NA,"Box","1.44Kg (3.17 lb)","LEGO exclusive","Small"
"381","31198","The Beatles",NA,2020,NA,"35","Art","2933",NA,"Ages_18+",NA,"Box","1.52Kg (3.35 lb)","LEGO exclusive","Small"
"382","31199","Marvel Studios Iron Man",NA,2020,NA,"35","Art","3167",NA,"Ages_18+",NA,"Box","1.7Kg (3.74 lb)","LEGO exclusive","Small"
"383","31200","Star Wars The Sith",NA,2020,NA,"32","Art","3406",NA,"Ages_18+",NA,"Box","1.69Kg (3.72 lb)","LEGO exclusive","Small"
"384","31201","Harry Potter Hogwarts Crests","-",2021,NA,"33","Art","4249",NA,"Ages_18+",NA,"Box","NA","Retail","Small"
"385","31202","Disney's Mickey Mouse","-",2021,NA,"30","Art","2658",NA,"Ages_18+",NA,"Box","NA","Retail","Small"
"386","31203","World Map","-",2021,NA,"32","Art","11695",NA,"Ages_18+",NA,"Box","NA","Retail","Small"
"387","31204","Elvis Presley 'The King'",NA,2022,NA,"38","Art","3445",NA,"Ages_18+",NA,"Box","NA","Retail","Small"
"388","31205","Jim Lee Batman Collection","-",2022,NA,"38","Art","4167",NA,"Ages_18+",NA,"Box","NA","Retail","Small"
"389","31206","The Rolling Stones","987.45 Kr",2022,NA,"136","Art","1998",NA,"Ages_18+",NA,"Box","NA","Retail - limited","Small"
"390","31207","Floral Art","-",2022,NA,"28","Art","2870",NA,"Ages_18+",NA,"Box","NA","Retail","Small"
"391","31208",NA,"988.67 Kr",NA,NA,NA,NA,NA,NA,"Ages_NA",NA,NA,NA,NA,NA
"392","4000037","LEGO Factory AGV",NA,2022,NA,NA,"Miscellaneous","NA",NA,"Ages_10+",NA,"Box","NA","Not sold","Small"
"393","4000038","LEGO Campus",NA,2022,NA,"157","Miscellaneous","1494",NA,"Ages_NA",NA,"Box","NA","Not sold","Small"
"394","4000503","Braille Bricks toolkit",NA,2020,NA,NA,"Education","304",NA,"Ages_NA",NA,"Plastic box","NA","Not sold","Small"
"395","4002020","Employee Christmas Gift - 40 Years of hands-on learning",NA,2020,NA,NA,"Miscellaneous","919",NA,"Ages_10+","1,","Box","NA","Not sold","Small"
"396","4002021","The Temple of Celebrations",NA,2021,NA,NA,"Ninjago","1320",NA,"Ages_10+","12,","Box","NA","Not sold","Small"
"397","4002022","10 Years of Friendship",NA,2022,NA,NA,"Friends","1209",NA,"Ages_10+","7,","Box","NA","Not sold","Small"
"398","40355","Year of the Rat",NA,2020,NA,"58","Seasonal","162",NA,"Ages_7+",NA,"Box","0.16Kg (0.36 lb)","LEGO exclusive","Small"
"399","40357","BYGGLEK",NA,2020,NA,"90","Miscellaneous","201",NA,"Ages_NA",NA,"Box","NA","Retail - limited","Small"
"400","40370","LEGO® Trains 40th Anniversary Set",NA,2020,NA,"73","Promotional","188",NA,"Ages_9+","1,","Box","0.33Kg (0.72 lb)","LEGO exclusive","Small"
"401","40371","Easter Egg",NA,2020,NA,"56","Seasonal","239",NA,"Ages_8+",NA,"Box","0.25Kg (0.56 lb)","LEGO exclusive","Small"
"402","40372","Police MF Accessory Set",NA,2020,NA,"33","City","42",NA,"Ages_6+","4,","Blister pack","0.08Kg (0.17 lb)","LEGO exclusive","Small"
"403","40373","Fairground Accessory Set",NA,2020,NA,"35","Collectable Minifigures","51",NA,"Ages_NA",NA,"Blister pack","0.08Kg (0.17 lb)","LEGO exclusive","Small"
"404","40374","Golden Zane Accessory Set ",NA,2020,NA,"31","Ninjago","73",NA,"Ages_6+","4,","Blister pack","NA","Retail","Small"
"405","40375","Sports Accessories",NA,2020,NA,"20","Xtra","36",NA,"Ages_6+",NA,"Polybag","0.02Kg (0.05 lb)","LEGO exclusive","Small"
"406","40376","Botanical Accessories",NA,2020,NA,"17","Xtra","32",NA,"Ages_6+",NA,"Polybag","0.02Kg (0.05 lb)","LEGO exclusive","Small"
"407","40377","Donald Duck",NA,2020,NA,"42","BrickHeadz","90",NA,"Ages_10+",NA,"Box","NA","Retail - limited","Small"
"408","40378","Goofy & Pluto",NA,2020,NA,"94","BrickHeadz","214",NA,"Ages_10+",NA,"Box","NA","Retail - limited","Small"
"409","40379","Valentine's Bear",NA,2020,NA,"65","BrickHeadz","150",NA,"Ages_10+",NA,"Box","0.15Kg (0.33 lb)","Retail - limited","Small"
"410","40380","Easter Sheep",NA,2020,NA,"57","BrickHeadz","192",NA,"Ages_10+",NA,"Box","0.16Kg (0.35 lb)","Retail - limited","Small"
"411","40381","Monkey King",NA,2020,NA,"56","BrickHeadz","175",NA,"Ages_10+",NA,"Box","NA","LEGO exclusive","Small"
"412","40382","Birthday Set",NA,2020,NA,"43","Seasonal","141",NA,"Ages_7+","1,","Box","0.18Kg (0.39 lb)","LEGO exclusive","Small"
"413","40383","Wedding Bride",NA,2020,NA,"101","BrickHeadz","306",NA,"Ages_10+",NA,"Box","NA","Retail - limited","Small"
"414","40384","Wedding Groom",NA,2020,NA,"107","BrickHeadz","255",NA,"Ages_10+",NA,"Box","NA","Retail - limited","Small"
"415","40385","LEGO Trophy",NA,2020,NA,"60","Miscellaneous","200",NA,"Ages_8+",NA,"Box","0.23Kg (0.51 lb)","LEGO exclusive","Small"
"416","40386","Batman",NA,2020,NA,"54","Brick Sketches","115",NA,"Ages_8+",NA,"Box","NA","LEGO exclusive","Small"
"417","40391","First Order Stormtrooper",NA,2020,NA,"55","Brick Sketches","151",NA,"Ages_8+",NA,"Box","NA","LEGO exclusive","Small"
"418","40393","LEGOLAND® Fire Academy",NA,2020,NA,"90","Promotional","221",NA,"Ages_7+","3,","Box","0.25Kg (0.54 lb)","LEGOLAND exclusive","Small"
"419","40394","LEGO House Chef",NA,2020,NA,"6","Promotional","8",NA,"Ages_4+","1,","Polybag","NA","Not sold","Small"
"420","40395","Chinese Dragon",NA,2020,NA,"23","Promotional","67",NA,"Ages_6+",NA,"Polybag","NA","Not sold","Small"
"421","40396","Valentine Panda",NA,2020,NA,"23","Promotional","53",NA,"Ages_NA",NA,"Polybag","NA","NA","Small"
"422","40397","Koi Fish",NA,2020,NA,"24","Promotional","33",NA,"Ages_NA",NA,"Polybag","NA","Not sold","Small"
"423","40398","Easter Bunny",NA,2020,NA,"24","Promotional","43",NA,"Ages_NA",NA,"Polybag","NA","Not sold","Small"
"424","40399","Flowers and Watering Can",NA,2020,NA,"25","Promotional","47",NA,"Ages_6+",NA,"Polybag","NA","Not sold","Small"
"425","40400","Bird in a tree",NA,2020,NA,"22","Promotional","37",NA,"Ages_NA",NA,"Polybag","NA","Not sold","Small"
"426","40401","Dog and Cat Friendship Day",NA,2020,NA,"30","Promotional","73",NA,"Ages_NA",NA,"Polybag","NA","Not sold","Small"
"427","40402","Youth Day Kids",NA,2020,NA,"36","Promotional","63",NA,"Ages_NA",NA,"Polybag","NA","Not sold","Small"
"428","40403","Literacy Day Unicorn",NA,2020,NA,"30","Promotional","54",NA,"Ages_NA",NA,"Polybag","NA","Not sold","Small"
"429","40404","Teachers Day",NA,2020,NA,"19","Promotional","43",NA,"Ages_NA",NA,"Polybag","NA","Not sold","Small"
"430","40405","Kindness Day",NA,2020,NA,"25","Promotional","49",NA,"Ages_6+",NA,"Polybag","NA","Not sold","Small"
"431","40406","Human Rights Day Dove",NA,2020,NA,"25","Promotional","50",NA,"Ages_NA",NA,"Polybag","NA","NA","Small"
"432","40407","Death Star II Battle",NA,2020,NA,"72","Star Wars","235",NA,"Ages_8+",NA,"Box","NA","LEGO exclusive","Small"
"433","40408","Drag Racer",NA,2020,NA,"61","Hidden Side","134",NA,"Ages_7+","2,","Box","NA","LEGO exclusive","Small"
"434","40409","Hot Rod",NA,2020,NA,"66","Promotional","142",NA,"Ages_8+","2,","Box","0.15Kg (0.33 lb)","Not sold","Small"
"435","40410","Charles Dickens Tribute",NA,2020,NA,"123","Seasonal","333",NA,"Ages_8+","3,","Box","0.4Kg (0.88 lb)","LEGO exclusive","Small"
"436","40411","Creative Fun 12-in-1",NA,2020,NA,"113","Promotional","240",NA,"Ages_7+",NA,"Box","0.33Kg (0.74 lb)","LEGO exclusive","Small"
"437","40412","Hagrid & Buckbeak",NA,2020,NA,"89","BrickHeadz","270",NA,"Ages_10+",NA,"Box","NA","LEGO exclusive","Small"
"438","40413","Mini Robots",NA,2020,NA,"145","Mindstorms","366",NA,"Ages_10+",NA,"Box","NA","LEGO exclusive","Small"
"439","40414","Monty Mole & Super Mushroom",NA,2020,NA,"83","Super Mario","163",NA,"Ages_NA","3,","Box","NA","LEGO exclusive","Small"
"440","40416","Ice Skating Rink",NA,2020,NA,"95","Seasonal","304",NA,"Ages_7+","2,","Box","0.38Kg (0.83 lb)","LEGO exclusive","Small"
"441","40417","Year of the Ox",NA,2021,NA,"55","Seasonal","168",NA,"Ages_7+",NA,"Box","0.16Kg (0.35 lb)","LEGO exclusive","Small"
"442","40418","Falcon & Black Widow Team-Up",NA,2020,NA,"34","Marvel Super Heroes","60",NA,"Ages_8+","4,","Blister pack","NA","LEGO exclusive","Small"
"443","40419","Hogwarts Students Accessory Set",NA,2020,NA,"33","Harry Potter","53",NA,"Ages_6+","4,","Blister pack","NA","LEGO exclusive","Small"
"444","40420","Gru, Stuart and Otto",NA,2021,NA,"81","BrickHeadz","244",NA,"Ages_10+",NA,"Box","NA","Retail","Small"
"445","40421","Belle Bottom, Kevin and Bob",NA,2021,NA,"81","BrickHeadz","309",NA,"Ages_10+",NA,"Box","NA","Retail","Small"
"446","40422","Frankenstein",NA,2020,NA,"47","BrickHeadz","108",NA,"Ages_10+",NA,"Box","0.14Kg (0.31 lb)","Retail","Small"
"447","40423","Halloween Hayride",NA,2020,NA,"77","Seasonal","148",NA,"Ages_7+","3,","Box","0.18Kg (0.4 lb)","LEGO exclusive","Small"
"448","40424","Winter Snowball Fight",NA,2020,NA,"78","Seasonal","149",NA,"Ages_7+","2,","Box","0.16Kg (0.35 lb)","LEGO exclusive","Small"
"449","40425","Nutcracker",NA,2020,NA,"78","BrickHeadz","180",NA,"Ages_10+",NA,"Box","0.18Kg (0.4 lb)","LEGO exclusive","Small"
"450","40426","Christmas Wreath 2-in-1",NA,2020,NA,"59","Seasonal","510",NA,"Ages_9+",NA,"Box","0.65Kg (1.43 lb)","LEGO exclusive","Small"
"451","40428","The Joker",NA,2020,NA,"71","Brick Sketches","170",NA,"Ages_8+",NA,"Box","NA","LEGO exclusive","Small"
"452","40429","LEGOLAND NINJAGO World",NA,2020,NA,"138","Promotional","440",NA,"Ages_7+","4,","Box","NA","LEGOLAND exclusive","Small"
"453","40431","BB-8",NA,2020,NA,"68","Brick Sketches","171",NA,"Ages_8+",NA,"Box","NA","LEGO exclusive","Small"
"454","40436","Lucky Cat",NA,2020,NA,"71","BrickHeadz","134",NA,"Ages_10+",NA,"Box","0.14Kg (0.31 lb)","Retail - limited","Small"
"455","40438","Extra DOTS - Levi Jeans Confetti Bag",NA,2020,NA,"14","Dots","110",NA,"Ages_NA",NA,"Foil pack","NA","NA","Small"
"456","40440","German Shepherds",NA,2021,NA,"86","BrickHeadz","247",NA,"Ages_8+",NA,"Box","0.24Kg (0.54 lb)","LEGO exclusive","Small"
"457","40441","Shorthair Cats",NA,2021,NA,"90","BrickHeadz","250",NA,"Ages_8+",NA,"Box","0.24Kg (0.54 lb)","LEGO exclusive","Small"
"458","40442","Goldfish",NA,2021,NA,"54","BrickHeadz","186",NA,"Ages_8+",NA,"Box","0.22Kg (0.47 lb)","LEGO exclusive","Small"
"459","40443","Budgies",NA,2021,NA,"96","BrickHeadz","261",NA,"Ages_8+",NA,"Box","0.25Kg (0.56 lb)","LEGO exclusive","Small"
"460","40448","Vintage Car",NA,2021,NA,"77","Ideas","189",NA,"Ages_12+","2,","Box","0.19Kg (0.41 lb)","LEGO exclusive","Small"
"461","40449","Easter Bunny's Carrot House",NA,2021,NA,"80","Seasonal","232",NA,"Ages_8+",NA,"Box","0.27Kg (0.6 lb)","LEGO exclusive","Small"
"462","40450","Amelia Earhart Tribute",NA,2021,NA,"91","Promotional","200",NA,"Ages_8+","1,","Box","0.36Kg (0.8 lb)","LEGO exclusive","Small"
"463","40451","Tatooine Homestead",NA,2021,NA,"84","Star Wars","217",NA,"Ages_8+",NA,"Box","NA","LEGO exclusive","Small"
"464","40452","Hogwarts Gryffindor Dorms",NA,2021,NA,"60","Harry Potter","148",NA,"Ages_8+","2","Box","NA","Promotional","Small"
"465","40453","Batman vs. The Penguin & Harley Quinn",NA,2021,NA,"36","DC Comics Super Heroes","63",NA,"Ages_NA","3,","Blister pack","NA","LEGO exclusive","Small"
"466","40454","Spider-Man versus Venom and Iron Venom",NA,2021,NA,"36","Marvel Super Heroes","63",NA,"Ages_NA","4,","Blister pack","NA","LEGO exclusive","Small"
"467","40456","Mickey Mouse",NA,2021,NA,"52","Brick Sketches","118",NA,"Ages_8+",NA,"Box","NA","LEGO exclusive","Small"
"468","40457","Minnie Mouse",NA,2021,NA,"60","Brick Sketches","140",NA,"Ages_8+",NA,"Box","NA","LEGO exclusive","Small"
"469","40458","LEGO House Chef",NA,2021,NA,"6","Promotional","NA",NA,"Ages_NA",NA,"NA","NA","NA","Small"
"470","40460","Roses",NA,2021,NA,"21","Creator","120",NA,"Ages_8+",NA,"Box","0.14Kg (0.32 lb)","LEGO exclusive","Small"
"471","40461","Tulips",NA,2021,NA,"19","Creator","111",NA,"Ages_8+",NA,"Box","0.11Kg (0.24 lb)","LEGO exclusive","Small"
"472","40462","Valentine's Brown Bear",NA,2021,NA,"78","Seasonal","245",NA,"Ages_8+",NA,"Box","0.25Kg (0.55 lb)","LEGO exclusive","Small"
"473","40463","Easter Bunny",NA,2021,NA,"71","Seasonal","293",NA,"Ages_8+",NA,"Box","0.29Kg (0.63 lb)","LEGO exclusive","Small"
"474","40464","Chinatown",NA,2021,NA,"23","Xtra","35",NA,"Ages_8+",NA,"Polybag","0.02Kg (0.05 lb)","Retail - limited","Small"
"475","40465","Food",NA,2021,NA,"20","Xtra","36",NA,"Ages_6+",NA,"Polybag","0.02Kg (0.04 lb)","Retail - limited","Small"
"476","40466","Chinese New Year Pandas",NA,2021,NA,"86","BrickHeadz","249",NA,"Ages_10+",NA,"Box","0.27Kg (0.59 lb)","LEGO exclusive","Small"
"477","40468","Yellow Taxi",NA,2021,NA,"45","Creator","124",NA,"Ages_7+",NA,"Box","0.16Kg (0.35 lb)","LEGO exclusive","Small"
"478","40469","Tuk Tuk",NA,2021,NA,"70","Creator","155",NA,"Ages_7+",NA,"Box","0.16Kg (0.36 lb)","LEGO exclusive","Small"
"479","40472","Monkie Kid's RC Race",NA,2021,NA,"35","Monkie Kid","57",NA,"Ages_NA","3,","Blister pack","NA","LEGO exclusive","Small"
"480","40473","LEGOLAND® Water Park",NA,2021,NA,"175","Promotional","360",NA,"Ages_7+","5,","Box","NA","LEGO exclusive","Small"
"481","40474","Build your own Monkey King",NA,2020,NA,"18","Monkie Kid","24",NA,"Ages_NA",NA,"Polybag","NA","Promotional","Small"
"482","40476","Daisy Duck",NA,2021,NA,"44","BrickHeadz","110",NA,"Ages_10+",NA,"Box","NA","Retail","Small"
"483","40477","Scrooge McDuck, Huey, Dewey & Louie",NA,2021,NA,"103","BrickHeadz","340",NA,"Ages_10+",NA,"Box","NA","Retail","Small"
"484","40478","Mini Disney Castle",NA,2021,NA,"157","Disney","567",NA,"Ages_12+","1,","Box","0.55Kg (1.22 lb)","LEGO exclusive","Small"
"485","40479","Dalmatians",NA,2021,NA,"84","BrickHeadz","252",NA,"Ages_8+",NA,"Box","0.25Kg (0.54 lb)","LEGO exclusive","Small"
"486","40480","Ginger Tabby",NA,2021,NA,"95","BrickHeadz","269",NA,"Ages_8+",NA,"Box","0.25Kg (0.55 lb)","Retail","Small"
"487","40481","Cockatiel",NA,2021,NA,"94","BrickHeadz","219",NA,"Ages_8+",NA,"Box","0.25Kg (0.55 lb)","Retail","Small"
"488","40482","Hamster",NA,2021,NA,"91","BrickHeadz","243",NA,"Ages_8+",NA,"Box","0.25Kg (0.54 lb)","Retail","Small"
"489","40483","Luke Skywalker's Lightsaber",NA,2021,NA,"45","Star Wars","173",NA,"Ages_18+",NA,"Box","NA","LEGO exclusive","Small"
"490","40484","Santa's Front Yard",NA,2021,NA,"93","Seasonal","317",NA,"Ages_9+","1,","Box","0.37Kg (0.81 lb)","LEGO exclusive","Small"
"491","40485","FC Barcelona Celebration",NA,2021,NA,"49","Icons","178",NA,"Ages_18+","5,","Box","NA","LEGO exclusive","Small"
"492","40486","Mini Adidas Originals Superstar",NA,2021,NA,"45","Icons","92",NA,"Ages_18+","1,","Box","NA","LEGO exclusive","Small"
"493","40487","Sailboat Adventure",NA,2021,NA,"128","Ideas","330",NA,"Ages_12+","2,","Box","0.47Kg (1.03 lb)","LEGO exclusive","Small"
"494","40488","Coffee Cart",NA,2021,NA,"72","Creator","149",NA,"Ages_8+","2,","Box","0.18Kg (0.39 lb)","LEGO exclusive","Small"
"495","40489","Mr. and Mrs. Claus' Living Room",NA,2021,NA,NA,"Seasonal","344",NA,"Ages_NA",NA,"NA","NA","NA","Small"
"496","40490","NINJAGO 10",NA,2021,NA,"137","BrickHeadz","406",NA,"Ages_10+",NA,"Box","NA","LEGO exclusive","Small"
"497","40491","Year of the Tiger",NA,2022,NA,"77","Seasonal","193",NA,"Ages_8+",NA,"Box","0.17Kg (0.39 lb)","LEGO exclusive","Small"
"498","40492","La Catrina",NA,2021,NA,"58","BrickHeadz","141",NA,"Ages_10+",NA,"Box","0.15Kg (0.33 lb)","LEGO exclusive","Small"
"499","40493","Spider & Haunted House Pack",NA,2021,NA,"51","Seasonal","132",NA,"Ages_7+",NA,"Box","0.13Kg (0.29 lb)","LEGO exclusive","Small"
"500","40494","Polar Bear & Gift Pack",NA,2021,NA,"49","Seasonal","142",NA,"Ages_7+",NA,"Box","0.14Kg (0.31 lb)","LEGO exclusive","Small"
"501","40495","Harry, Hermione, Ron & Hagrid",NA,2021,NA,"98","BrickHeadz","466",NA,"Ages_10+",NA,"Box","NA","Retail","Small"
"502","40496","Voldemort, Nagini & Bellatrix",NA,2021,NA,"99","BrickHeadz","344",NA,"Ages_10+",NA,"Box","NA","Retail","Small"
"503","40497","Halloween Owl",NA,2021,NA,"70","Seasonal","228",NA,"Ages_8+",NA,"Box","0.25Kg (0.55 lb)","LEGO exclusive","Small"
"504","40498","Christmas Penguin",NA,2021,NA,"81","Seasonal","244",NA,"Ages_8+",NA,"Box","0.26Kg (0.57 lb)","LEGO exclusive","Small"
"505","40499","Santa's Sleigh",NA,2021,NA,"130","Seasonal","343",NA,"Ages_9+","1","Box","0.43Kg (0.94 lb)","LEGO exclusive","Small"
"506","40500","Wizarding World Minifigure Accessory Set",NA,2021,NA,"30","Harry Potter","33",NA,"Ages_6+","4,","Blister pack","NA","LEGO exclusive","Small"
"507","40501","The Wooden Duck",NA,2020,NA,"163","Promotional","621",NA,"Ages_10+",NA,"Box","NA","Retail - limited","Small"
"508","40502","The Brick Moulding Machine",NA,2021,NA,"252","Promotional","1205",NA,"Ages_NA",NA,"Box","NA","Retail - limited","Small"
"509","40503","Dagny Holm - Master Builder",NA,2022,NA,NA,"Promotional","1068",NA,"Ages_10+",NA,"Box","NA","Retail - limited","Small"
"510","40511","Kung Fu Training",NA,2021,NA,"35","Minions: The Rise of Gru","54",NA,"Ages_NA","4,","Blister pack","NA","LEGO exclusive","Small"
"511","40512","Fun and Funky VIP Add On Pack",NA,2022,NA,"42","Miscellaneous","148",NA,"Ages_NA",NA,"Polybag","0.08Kg (0.17 lb)","LEGO exclusive","Small"
"512","40513","Spooky VIP Add On Pack",NA,2021,NA,"30","Miscellaneous","119",NA,"Ages_NA","6","Polybag","0.06Kg (0.14 lb)","LEGO exclusive","Small"
"513","40514","Winter Wonderland VIP Add On Pack",NA,2021,NA,"31","Miscellaneous","139",NA,"Ages_NA",NA,"Polybag","NA","NA","Small"
"514","40515","Pirates and Treasure VIP Add On Pack",NA,2022,NA,"42","Miscellaneous","103",NA,"Ages_NA","2","Polybag","0.08Kg (0.17 lb)","LEGO exclusive","Small"
"515","40516","Everyone is Awesome",NA,2021,NA,"123","Icons","346",NA,"Ages_18+","11,","Box","0.57Kg (1.25 lb)","LEGO exclusive","Small"
"516","40517","Vespa",NA,2022,NA,"60","Creator","118",NA,"Ages_9+",NA,"Box","NA","LEGO exclusive","Small"
"517","40518","High-Speed Train",NA,2022,NA,"56","Creator","284",NA,"Ages_7+",NA,"Box","NA","LEGO exclusive","Small"
"518","40519","New York Postcard",NA,2022,NA,"96","Creator","254",NA,"Ages_9+","1,","Box","NA","LEGO exclusive","Small"
"519","40520","Beijing Postcard",NA,2022,NA,"79","Creator","280",NA,"Ages_9+",NA,"Box","NA","LEGO exclusive","Small"
"520","40521","Mini Disney The Haunted Mansion",NA,2022,NA,"116","Disney","680",NA,"Ages_12+","1,","Box","NA","NA","Small"
"521","40522","Valentine Lovebirds",NA,2022,NA,"104","Seasonal","298",NA,"Ages_8+",NA,"Box","0.24Kg (0.52 lb)","LEGO exclusive","Small"
"522","40523","Easter Rabbits Display",NA,2022,NA,"124","Seasonal","288",NA,"Ages_8+",NA,"Box","0.24Kg (0.53 lb)","LEGO exclusive","Small"
"523","40524","Sunflowers",NA,2022,NA,"17","Creator","191",NA,"Ages_8+",NA,"Box","0.14Kg (0.3 lb)","LEGO exclusive","Small"
"524","40525","Endgame Battle",NA,2022,NA,"37","Marvel Super Heroes","62",NA,"Ages_NA","5,","Blister pack","NA","LEGO exclusive","Small"
"525","40526","Electric Scooters & Charging Dock",NA,2022,NA,"33","City","50",NA,"Ages_6+","3,","Blister pack","0.08Kg (0.17 lb)","LEGO exclusive","Small"
"526","40527","Easter Chicks",NA,2022,NA,"62","Seasonal","318",NA,"Ages_8+",NA,"Box","0.21Kg (0.47 lb)","LEGO exclusive","Small"
"527","40528","LEGO Brand Retail Store",NA,2022,NA,"118","Promotional","402",NA,"Ages_10+",NA,"Box","0.51Kg (1.12 lb)","LEGO exclusive","Small"
"528","40529","Children's Amusement Park",NA,2022,NA,"90","Promotional","170",NA,"Ages_NA","2,","Box","0.22Kg (0.48 lb)","LEGO exclusive","Small"
"529","40530","Jane Goodall Tribute",NA,2022,NA,"87","Promotional","275",NA,"Ages_10+","1,","Box","0.32Kg (0.7 lb)","LEGO exclusive","Small"
"530","40531","Lars Family Homestead Kitchen",NA,2022,NA,"77","Star Wars","195",NA,"Ages_18+","1,","Box","NA","LEGO exclusive","Small"
"531","40532","Vintage Taxi",NA,2022,NA,"69","Icons","163",NA,"Ages_18+","1,","Box","0.19Kg (0.42 lb)","LEGO exclusive","Small"
"532","40533","Cosmic Cardboard Adventures",NA,2022,NA,"99","Ideas","203",NA,"Ages_18+","1,","Box","0.26Kg (0.56 lb)","LEGO exclusive","Small"
"533","40534","LEGO House Chef",NA,2022,NA,"8","Promotional","8",NA,"Ages_NA",NA,"NA","NA","NA","Small"
"534","40535","Iron Man",NA,2022,NA,"76","Brick Sketches","200",NA,"Ages_8+",NA,"Box","NA","LEGO exclusive","Small"
"535","40536","Miles Morales",NA,2022,NA,"87","Brick Sketches","214",NA,"Ages_8+",NA,"Box","NA","LEGO exclusive","Small"
"536","40539","Ahsoka Tano",NA,2022,NA,"67","BrickHeadz","164",NA,"Ages_10+",NA,"Box","NA","Retail","Small"
"537","40540","Lion Dance Guy",NA,2022,NA,"91","BrickHeadz","239",NA,"Ages_10+",NA,"Box","0.19Kg (0.42 lb)","LEGO exclusive","Small"
"538","40541","Manchester United Go Brick Me",NA,2022,NA,"143","BrickHeadz","530",NA,"Ages_10+",NA,"Box","NA","Retail","Small"
"539","40542","FC Barcelona Go Brick Me",NA,2022,NA,"145","BrickHeadz","530",NA,"Ages_10+",NA,"Box","NA","Retail","Small"
"540","40543","St. Bernard",NA,2022,NA,"92","BrickHeadz","236",NA,"Ages_8+",NA,"Box","0.24Kg (0.52 lb)","LEGO exclusive","Small"
"541","40544","French Bulldog",NA,2022,NA,"91","BrickHeadz","237",NA,"Ages_8+",NA,"Box","0.24Kg (0.52 lb)","LEGO exclusive","Small"
"542","40545","Koi Fish",NA,2022,NA,"66","BrickHeadz","203",NA,"Ages_8+",NA,"Box","0.21Kg (0.45 lb)","LEGO exclusive","Small"
"543","40546","Poodles",NA,2022,NA,"91","BrickHeadz","304",NA,"Ages_8+",NA,"Box","0.26Kg (0.57 lb)","LEGO exclusive","Small"
"544","40547","Obi-Wan Kenobi & Darth Vader",NA,2022,NA,"100","BrickHeadz","260",NA,"Ages_10+",NA,"Box","NA","Retail","Small"
"545","40548","Spice Girls Tribute",NA,2022,NA,"141","BrickHeadz","578",NA,"Ages_16+",NA,"Box","NA","LEGO exclusive","Small"
"546","40549","Demogorgon & Eleven",NA,2022,NA,"73","BrickHeadz","192",NA,"Ages_16+",NA,"Box","NA","Retail","Small"
"547","40550","Chip & Dale",NA,2022,NA,"66","BrickHeadz","226",NA,"Ages_10+",NA,"Box","NA","Retail","Small"
"548","40552","Buzz Lightyear",NA,2022,NA,"54","BrickHeadz","114",NA,"Ages_10+",NA,"Box","NA","Retail","Small"
"549","40553","Woody and Bo Peep",NA,2022,NA,"117","BrickHeadz","296",NA,"Ages_10+",NA,"Box","NA","Retail","Small"
"550","40554","Jake Sully & his Avatar",NA,2022,NA,"101","BrickHeadz","246",NA,"Ages_10+",NA,"Box","NA","Retail","Small"
"551","40556","Mythica",NA,2022,NA,"178","Promotional","510",NA,"Ages_NA","2,","NA","NA","NA","Small"
"552","40557","Defense of Hoth",NA,2022,NA,"34","Star Wars","64",NA,"Ages_NA","3,","Blister pack","NA","LEGO exclusive","Small"
"553","40558","Clone Trooper Command Station",NA,2022,NA,"27","Star Wars","66",NA,"Ages_NA","3,","Blister pack","NA","LEGO exclusive","Small"
"554","40559","Road Runner & Wile E. Coyote",NA,2022,NA,"82","BrickHeadz","205",NA,"Ages_10+",NA,"Box","NA","Retail","Small"
"555","40560","Professors of Hogwarts",NA,2022,NA,"176","BrickHeadz","601",NA,"Ages_10+",NA,"Box","NA","Retail","Small"
"556","40561","Pencil Holder",NA,2022,NA,"40","Dots","476",NA,"Ages_NA",NA,"Box","NA","Retail","Small"
"557","40562","Mystic Witch",NA,2022,NA,"91","Creator","257",NA,"Ages_7+",NA,"Box","0.33Kg (0.72 lb)","LEGO exclusive","Small"
"558","40563","Tribute to LEGO House",NA,2022,NA,"243","Promotional","583",NA,"Ages_12+",NA,"Box","NA","LEGO exclusive","Small"
"559","40564","Winter Elves Scene",NA,2022,NA,"99","Seasonal","372",NA,"Ages_9+","2,","Box","0.36Kg (0.8 lb)","LEGO exclusive","Small"
"560","40565","Santa's Workshop",NA,2022,NA,"146","Seasonal","329",NA,"Ages_9+","2,","Box","0.35Kg (0.77 lb)","LEGO exclusive","Small"
"561","40566","Ray the Castaway",NA,2022,NA,NA,"Ideas","239",NA,"Ages_18+","1,","Box","0.29Kg (0.64 lb)","LEGO exclusive","Small"
"562","40567","Forest Hideout",NA,2022,NA,"81","Icons","258",NA,"Ages_18+","2,","Box","0.31Kg (0.69 lb)","LEGO exclusive","Small"
"563","40568","Paris Postcard",NA,2022,NA,"86","Creator","213",NA,"Ages_9+",NA,"Box","NA","LEGO exclusive","Small"
"564","40569","London Postcard",NA,2022,NA,"104","Creator","277",NA,"Ages_9+",NA,"Box","NA","LEGO exclusive","Small"
"565","40570","Halloween Cat and Mouse",NA,2022,NA,"115","Seasonal","328",NA,"Ages_9+",NA,"Box","0.24Kg (0.53 lb)","NA","Small"
"566","40571","Wintertime Polar Bears",NA,2022,NA,"109","Seasonal","312",NA,"Ages_9+",NA,"Box","0.25Kg (0.54 lb)","LEGO exclusive","Small"
"567","40572","Penguin & Snowflake",NA,2022,NA,"47","Seasonal","139",NA,"Ages_7+",NA,"Box","0.12Kg (0.27 lb)","LEGO exclusive","Small"
"568","40573","Christmas Tree",NA,2022,NA,"63","Seasonal","784",NA,"Ages_12+",NA,"Box","0.83Kg (1.83 lb)","LEGO exclusive","Small"
"569","40574","LEGO Brand Store",NA,2022,NA,"161","Promotional","541",NA,"Ages_9+","2,","Box","0.67Kg (1.47 lb)","LEGO exclusive","Small"
"570","40577","Hogwarts: Grand Staircase",NA,2022,NA,"62","Harry Potter","224",NA,"Ages_8+","1,","Box","NA","Promotional","Small"
"571","40578","Sandwich Shop",NA,2022,NA,"72","City","110",NA,"Ages_NA","2,","Box","0.22Kg (0.48 lb)","LEGO exclusive","Small"
"572","40579","Eiffel's Apartment",NA,2022,NA,"83","Icons","228",NA,"Ages_18+","1,","Box","NA","LEGO exclusive","Small"
"573","40654","Beijing Postcard",NA,2022,NA,"76","Creator","274",NA,"Ages_9+",NA,"Box","NA","LEGO exclusive","Small"
"574","41250","Techno Reef Dance Party",NA,2020,NA,"85","Trolls World Tour","173",NA,"Ages_5+","1,","Box","0.29Kg (0.64 lb)","Retail","Small"
"575","41251","Poppy's Pod",NA,2020,NA,"70","Trolls World Tour","103",NA,"Ages_4+","1,","Box","0.29Kg (0.64 lb)","Retail","Small"
"576","41252","Poppy's Air Balloon Adventure",NA,2020,NA,"121","Trolls World Tour","250",NA,"Ages_NA","3,","Box","0.47Kg (1.04 lb)","Retail","Small"
"577","41253","Lonesome Flats Raft Adventure",NA,2020,NA,"110","Trolls World Tour","159",NA,"Ages_4+","3,","Box","0.46Kg (1.01 lb)","Retail","Small"
"578","41254","Volcano Rock City Concert",NA,2020,NA,"175","Trolls World Tour","387",NA,"Ages_NA","3,","Box","0.6Kg (1.32 lb)","Retail","Small"
"579","41255","Pop Village Celebration",NA,2020,NA,"205","Trolls World Tour","380",NA,"Ages_NA","5,","Box","0.7Kg (1.54 lb)","Retail","Small"
"580","41256","Rainbow Caterbus",NA,2020,NA,"170","Trolls World Tour","395",NA,"Ages_NA","2,","Box","0.6Kg (1.32 lb)","Retail","Small"
"581","41258","Vibe City Concert",NA,2020,NA,"216","Trolls World Tour","494",NA,"Ages_NA","5,","Box","NA","Retail","Small"
"582","41389","Ice Cream Cart",NA,2020,NA,"60","Friends","97",NA,"Ages_6+","1,","Box","0.09Kg (0.2 lb)","Retail","Small"
"583","41390","Andrea's Car & Stage",NA,2020,NA,"116","Friends","240",NA,"Ages_6+","2,","Box","0.34Kg (0.75 lb)","Retail","Small"
"584","41391","Heartlake City Hair Salon",NA,2020,NA,"138","Friends","235",NA,"Ages_6+","2,","Box","0.38Kg (0.84 lb)","Retail","Small"
"585","41392","Nature Glamping",NA,2020,NA,"110","Friends","241",NA,"Ages_6+","2","Box","0.62Kg (1.37 lb)","Retail","Small"
"586","41393","Baking Competition",NA,2020,NA,"157","Friends","361",NA,"Ages_6+","3,","Box","0.63Kg (1.39 lb)","Retail","Small"
"587","41394","Heartlake City Hospital",NA,2020,NA,"153","Friends","379",NA,"Ages_6+","3,","Box","0.8Kg (1.76 lb)","Retail","Small"
"588","41395","Friendship Bus",NA,2020,NA,"286","Friends","778",NA,"Ages_8+","3,","Box","1.54Kg (3.39 lb)","Retail","Small"
"589","41396","Puppy Playground",NA,2020,NA,"41","Friends","57",NA,"Ages_4+","1,","Box","NA","Retail","Small"
"590","41397","Juice Truck",NA,2020,NA,"75","Friends","103",NA,"Ages_4+","2,","Box","0.32Kg (0.7 lb)","Retail","Small"
"591","41398","Stephanie's House",NA,2020,NA,"116","Friends","170",NA,"Ages_4+","3,","Box","0.56Kg (1.23 lb)","Retail","Small"
"592","41400","Andrea's Play Cube - Singer",NA,2020,NA,"32","Friends","49",NA,"Ages_6+","1,","Box","0.1Kg (0.22 lb)","Retail","Small"
"593","41401","Stephanie's Play Cube - Baker",NA,2020,NA,"37","Friends","44",NA,"Ages_6+","1,","Box","0.09Kg (0.2 lb)","Retail","Small"
"594","41402","Olivia's Play Cube - Researcher",NA,2020,NA,"34","Friends","40",NA,"Ages_6+","1,","Box","0.1Kg (0.22 lb)","Retail","Small"
"595","41403","Mia's Play Cube - Veterinarian",NA,2020,NA,"32","Friends","36",NA,"Ages_6+","1,","Box","0.1Kg (0.22 lb)","Retail","Small"
"596","41404","Emma's Play Cube - Photographer",NA,2020,NA,"31","Friends","40",NA,"Ages_6+","1,","Box","0.1Kg (0.22 lb)","Retail","Small"
"597","41405","Andrea's Play Cube - Pet Shop",NA,2020,NA,"33","Friends","40",NA,"Ages_6+","1,","Box","0.09Kg (0.2 lb)","Retail","Small"
"598","41406","Stephanie's Play Cube - Beauty Salon",NA,2020,NA,"35","Friends","44",NA,"Ages_6+","1,","Box","0.09Kg (0.2 lb)","Retail","Small"
"599","41407","Olivia's Play Cube - Sweet Shop",NA,2020,NA,"40","Friends","47",NA,"Ages_6+","1","Box","0.09Kg (0.2 lb)","Retail","Small"
"600","41408","Mia's Play Cube - Cinema",NA,2020,NA,"31","Friends","37",NA,"Ages_6+","1,","Box","0.09Kg (0.2 lb)","Retail","Small"
"601","41409","Emma's Play Cube - Toy Store",NA,2020,NA,"42","Friends","49",NA,"Ages_6+","1","Box","0.09Kg (0.2 lb)","Retail","Small"
"602","41410","Andrea's Summer Play Cube",NA,2020,NA,"39","Friends","43",NA,"Ages_6+","1","Plastic canister","0.1Kg (0.22 lb)","Retail","Small"
"603","41411","Stephanie's Summer Play Cube",NA,2020,NA,"37","Friends","47",NA,"Ages_6+","1,","Plastic canister","0.1Kg (0.22 lb)","Retail","Small"
"604","41412","Olivia's Summer Play Cube",NA,2020,NA,"39","Friends","48",NA,"Ages_6+","1,","Plastic canister","0.1Kg (0.22 lb)","Retail","Small"
"605","41413","Mia's Summer Play Cube",NA,2020,NA,"40","Friends","50",NA,"Ages_6+","1,","Plastic canister","0.1Kg (0.22 lb)","Retail","Small"
"606","41414","Emma's Summer Play Cube",NA,2020,NA,"45","Friends","46",NA,"Ages_6+","1,","NA","0.1Kg (0.22 lb)","NA","Small"
"607","41420","Friends Advent Calendar",NA,2020,NA,"163","Friends","236",NA,"Ages_6+","5,","Box","0.35Kg (0.77 lb)","Retail","Small"
"608","41421","Baby Elephant Jungle Rescue",NA,2020,NA,"111","Friends","203",NA,"Ages_6+","2","Box","0.34Kg (0.75 lb)","Retail","Small"
"609","41422","Panda Jungle Tree House",NA,2020,NA,"149","Friends","265",NA,"Ages_7+","2","Box","0.44Kg (0.97 lb)","Retail","Small"
"610","41423","Tiger Hot Air Balloon Jungle Rescue",NA,2020,NA,"145","Friends","302",NA,"Ages_7+","2","Box","0.63Kg (1.39 lb)","Retail","Small"
"611","41424","Jungle Rescue Base",NA,2020,NA,"251","Friends","648",NA,"Ages_8+","3,","Box","1.26Kg (2.78 lb)","Retail","Small"
"612","41425","Olivia's Flower Garden",NA,2020,NA,"61","Friends","92",NA,"Ages_6+","2,","Box","0.11Kg (0.24 lb)","Retail","Small"
"613","41426","Heartlake City Park Café",NA,2020,NA,"117","Friends","224",NA,"Ages_6+","2,","Box","0.33Kg (0.73 lb)","Retail","Small"
"614","41427","Emma's Fashion Shop",NA,2020,NA,"153","Friends","343",NA,"Ages_6+","2","Box","0.53Kg (1.17 lb)","Retail","Small"
"615","41428","Beach House",NA,2020,NA,"216","Friends","444",NA,"Ages_6+","2,","Box","0.72Kg (1.59 lb)","Retail","Small"
"616","41429","Heartlake City Airplane",NA,2020,NA,"238","Friends","574",NA,"Ages_7+","3,","Box","1.09Kg (2.4 lb)","Retail","Small"
"617","41430","Summer Fun Water Park",NA,2020,NA,"394","Friends","1001",NA,"Ages_8+","4,","Box","1.72Kg (3.79 lb)","Retail","Small"
"618","41431","Heartlake City Brick Box",NA,2020,NA,"121","Friends","321",NA,"Ages_5+","2,","Tub","0.96Kg (2.11 lb)","Retail","Small"
"619","41432","Alpaca Mountain Jungle Rescue",NA,2020,NA,"270","Friends","512",NA,"Ages_7+","2","Box","NA","Retail","Small"
"620","41433","Party Boat",NA,2020,NA,"271","Friends","640",NA,"Ages_7+","3,","Box","1.25Kg (2.75 lb)","Retail","Small"
"621","41434","Andrea's Jungle Play Cube",NA,2020,NA,"43","Friends","47",NA,"Ages_6+","1,","Plastic canister","NA","Retail","Small"
"622","41435","Stephanie's Jungle Play Cube",NA,2020,NA,"38","Friends","41",NA,"Ages_6+","1,","Plastic canister","NA","Retail","Small"
"623","41436","Olivia's Jungle Play Cube",NA,2020,NA,"42","Friends","51",NA,"Ages_6+","1,","Plastic canister","NA","Retail","Small"
"624","41437","Mia's Jungle Play Cube",NA,2020,NA,"36","Friends","43",NA,"Ages_6+","1,","Plastic canister","NA","Retail","Small"
"625","41438","Emma's Jungle Play Cube",NA,2020,NA,"40","Friends","50",NA,"Ages_6+","1,","Plastic canister","NA","Retail","Small"
"626","41439","Cat Grooming Car","-",2021,NA,"45","Friends","60",NA,"Ages_4+","2,","Box","0.12Kg (0.26 lb)","Retail","Small"
"627","41440","Heartlake City Bakery","-",2021,NA,"68","Friends","99",NA,"Ages_4+","2,","Box","NA","Retail","Small"
"628","41441","Horse Training and Trailer","446.90 Kr*",2021,NA,"96","Friends","148",NA,"Ages_4+","2,","Box","NA","Retail","Small"
"629","41442","Vet Clinic Rescue Buggy","-",2021,NA,"74","Friends","100",NA,"Ages_NA","2,","Box","NA","Retail","Small"
"630","41443","Olivia's Electric Car","-",2021,NA,"101","Friends","183",NA,"Ages_NA","2,","Box","NA","Retail","Small"
"631","41444","Heartlake City Organic Cafe","460.44 Kr*",2021,NA,"172","Friends","314",NA,"Ages_NA","3,","Box","NA","Retail","Small"
"632","41445","Vet Clinic Ambulance","-",2021,NA,"168","Friends","304",NA,"Ages_NA","2,","Box","NA","Retail","Small"
"633","41446","Heartlake City Vet Clinic","-",2021,NA,"162","Friends","258",NA,"Ages_6+","3,","Box","0.57Kg (1.25 lb)","Retail","Small"
"634","41447","Heartlake City Park",NA,2021,NA,"158","Friends","432",NA,"Ages_NA","4","Box","NA","Retail","Small"
"635","41448","Heartlake City Movie Theatre","-",2021,NA,"166","Friends","451",NA,"Ages_7+","3,","Box","NA","Retail","Small"
"636","41449","Andrea's Family House","670.44 Kr",2021,NA,"283","Friends","802",NA,"Ages_NA","5,","Box","NA","Retail","Small"
"637","41450","Heartlake City Shopping Mall","-",2021,NA,"329","Friends","1032",NA,"Ages_8+","6,","Box","NA","Retail","Small"
"638","41662","Olivia's Flamingo Cube","-",2021,NA,"37","Friends","41",NA,"Ages_NA","1,","Box","NA","Retail","Small"
"639","41663","Emma's Dalmatian Cube","-",2021,NA,"38","Friends","41",NA,"Ages_NA","1,","Box","NA","Retail","Small"
"640","41664","Mia's Pug Cube","-",2021,NA,"32","Friends","40",NA,"Ages_NA","1","Box","NA","Retail","Small"
"641","41665","Stephanie's Cat Cube","-",2021,NA,"33","Friends","46",NA,"Ages_NA","1,","Box","NA","Retail","Small"
"642","41666","Andrea's Bunny Cube","-",2021,NA,"34","Friends","45",NA,"Ages_NA","1,","Box","NA","Retail","Small"
"643","41667","Olivia's Gaming Cube","-",2021,NA,"45","Friends","64",NA,"Ages_6+","1,","Box","NA","Retail","Small"
"644","41668","Emma's Fashion Cube","-",2021,NA,"46","Friends","58",NA,"Ages_6+","1","Box","NA","Retail","Small"
"645","41669","Mia's Soccer Cube","-",2021,NA,"40","Friends","56",NA,"Ages_6+","1,","Box","NA","Retail","Small"
"646","41670","Stephanie's Ballet Cube","-",2021,NA,"47","Friends","60",NA,"Ages_6+","1,","Box","NA","Retail","Small"
"647","41671","Andrea's Swimming Cube","-",2021,NA,"42","Friends","59",NA,"Ages_6+","1,","Box","NA","Retail","Small"
"648","41677","Forest Waterfall","-",2021,NA,"59","Friends","93",NA,"Ages_5+","2,","Box","NA","Retail","Small"
"649","41679","Forest House","337.80 Kr",2021,NA,"173","Friends","326",NA,"Ages_6+","3,","Box","NA","Retail","Small"
"650","41681","Forest Camper Van and Sailboat","473.64 Kr",2021,NA,"225","Friends","487",NA,"Ages_7+","3,","Box","NA","Retail","Small"
"651","41682","Heartlake City School","535.00 Kr",2021,NA,"190","Friends","605",NA,"Ages_6+","3,","Box","NA","Retail","Small"
"652","41683","Forest Horseback Riding Center","670.44 Kr",2021,NA,"197","Friends","511",NA,"Ages_7+","3,","Box","NA","Retail","Small"
"653","41684","Heartlake City Grand Hotel","-",2021,NA,"391","Friends","1308",NA,"Ages_8+","4,","Box","NA","Retail","Small"
"654","41685","Magical Funfair Roller Coaster","-",2021,NA,"338","Friends","974",NA,"Ages_8+","4,","Box","NA","Retail","Small"
"655","41686","Magical Acrobatics","-",2021,NA,"83","Friends","223",NA,"Ages_6+","2,","Box","NA","Retail","Small"
"656","41687","Magical Funfair Stalls","-",2021,NA,"171","Friends","361",NA,"Ages_6+","3,","Box","NA","Retail","Small"
"657","41688","Magical Caravan","568.18 Kr",2021,NA,"173","Friends","348",NA,"Ages_7+","2,","Box","NA","Retail","Small"
"658","41689","Magical Ferris Wheel and Slide","-",2021,NA,"203","Friends","545",NA,"Ages_7+","3,","Box","NA","Retail","Small"
"659","41690","Friends Advent Calendar",NA,2021,NA,"228","Friends","370",NA,"Ages_6+","5,","Box","NA","Retail","Small"
"660","41691","Doggy Day Care","-",2021,NA,"125","Friends","221",NA,"Ages_NA","2,","Box","NA","Retail","Small"
"661","41692","Vet Clinic Rescue Helicopter","-",2021,NA,"137","Friends","249",NA,"Ages_6+","2,","Box","NA","Retail","Small"
"662","41693","Surfer Beachfront",NA,2021,NA,"329","Friends","685",NA,"Ages_6+","4,","Box","NA","Retail","Small"
"663","41694","Pet Clinic Ambulance","101.58 Kr",2022,NA,"37","Friends","54",NA,"Ages_4+","2","Box","NA","Retail","Small"
"664","41695","Pet Clinic","203.17 Kr*",2022,NA,"61","Friends","111",NA,"Ages_4+","2,","Box","NA","Retail","Small"
"665","41696","Pony-Washing Stable","162.46 Kr*",2022,NA,"49","Friends","60",NA,"Ages_4+","2,","Box","NA","Retail","Small"
"666","41697","Turtle Protection Vehicle","-",2022,NA,"60","Friends","90",NA,"Ages_NA","2,","Box","NA","Retail","Small"
"667","41698","Pet Playground","-",2022,NA,"109","Friends","210",NA,"Ages_5+","2,","Box","NA","Retail","Small"
"668","41699","Pet Adoption Café","189.62 Kr",2022,NA,"163","Friends","292",NA,"Ages_NA","2,","Box","NA","Retail","Small"
"669","41700","Beach Glamping","-",2022,NA,"189","Friends","380",NA,"Ages_NA","3,","Box","NA","Retail","Small"
"670","41701","Street Food Market","-",2022,NA,"289","Friends","592",NA,"Ages_NA","3,","Box","NA","Retail","Small"
"671","41702","Canal Houseboat","715.82 Kr",2022,NA,"332","Friends","737",NA,"Ages_7+","4,","Box","NA","Retail","Small"
"672","41703","Friendship Tree House","663.67 Kr",2022,NA,"357","Friends","1114",NA,"Ages_8+","4,","Box","NA","Retail","Small"
"673","41704","Main Street Building","-",2022,NA,"609","Friends","1682",NA,"Ages_8+","8,","Box","NA","Retail","Small"
"674","41705","Heartlake City Pizzeria","92.24 Kr",2022,NA,"96","Friends","144",NA,"Ages_5+","2,","Box","NA","Retail","Small"
"675","41706","Friends Advent Calendar","-",2022,NA,"179","Friends","312",NA,"Ages_NA","4,","Box","NA","NA","Small"
"676","41707","Tree-Planting Vehicle","-",2022,NA,"162","Friends","336",NA,"Ages_NA","2,","Box","NA","Retail","Small"
"677","41708","Roller Disco Arcade","467.28 Kr",2022,NA,"248","Friends","642",NA,"Ages_7+","3,","Box","NA","Retail","Small"
"678","41709","Vacation Beach House","-",2022,NA,"318","Friends","686",NA,"Ages_7+","4,","Box","NA","Retail","Small"
"679","41710","Surfer Beach Fun","-",2022,NA,"166","Friends","288",NA,"Ages_6+","3,","Box","NA","Retail","Small"
"680","41711","Emma's Art School","440.19 Kr",2022,NA,"307","Friends","844",NA,"Ages_8+","3,","Box","NA","Retail","Small"
"681","41712","Recycling Truck","148.99 Kr",2022,NA,"112","Friends","259",NA,"Ages_6+","2,","Box","NA","Retail","Small"
"682","41713","Olivia's Space Academy","474.05 Kr",2022,NA,"335","Friends","757",NA,"Ages_8+","4,","Box","NA","Retail","Small"
"683","41714","Andrea's Theatre School","798.91 Kr",2022,NA,"362","Friends","1154",NA,"Ages_8+","4,","Box","NA","Retail","Small"
"684","41715","Ice Cream Truck","148.99 Kr",2022,NA,"58","Friends","84",NA,"Ages_4+","2,","Box","NA","Retail","Small"
"685","41716","Stephanie's Sailing Adventure","297.98 Kr",2022,NA,"162","Friends","304",NA,"Ages_7+","3,","Box","NA","Retail","Small"
"686","41717","Mia's Wildlife Rescue","312.87 Kr",2022,NA,"217","Friends","430",NA,"Ages_7+","3,","Box","NA","Retail","Small"
"687","41718","Pet Day-Care Center","-",2022,NA,"290","Friends","593",NA,"Ages_7+","4,","Box","NA","Retail","Small"
"688","41719","Mobile Fashion Boutique","65.01 Kr",2022,NA,"65","Friends","94",NA,"Ages_6+","2,","Box","NA","Retail","Small"
"689","41720","Water Park","508.25 Kr",2022,NA,"188","Friends","373",NA,"Ages_6+","3,","Box","NA","Retail","Small"
"690","41721","Organic Farm ","-",2022,NA,"344","Friends","826",NA,"Ages_7+","4,","Box","NA","Retail","Small"
"691","41722","Horse Show Trailer","625.14 Kr",2022,NA,"316","Friends","989",NA,"Ages_8+","3,","Box","NA","Retail","Small"
"692","41723",NA,"-",NA,NA,NA,NA,NA,NA,"Ages_NA",NA,NA,NA,NA,NA
"693","41724",NA,"319.65 Kr",NA,NA,NA,NA,NA,NA,"Ages_NA",NA,NA,NA,NA,NA
"694","41725",NA,"64.34 Kr",NA,NA,NA,NA,NA,NA,"Ages_NA",NA,NA,NA,NA,NA
"695","41726",NA,"148.99 Kr",NA,NA,NA,NA,NA,NA,"Ages_NA",NA,NA,NA,NA,NA
"696","41727",NA,"338.61 Kr",NA,NA,NA,NA,NA,NA,"Ages_NA",NA,NA,NA,NA,NA
"697","41728",NA,"189.62 Kr",NA,NA,NA,NA,NA,NA,"Ages_NA",NA,NA,NA,NA,NA
"698","41729",NA,"649.99 Kr",NA,NA,NA,NA,NA,NA,"Ages_NA",NA,NA,NA,NA,NA
"699","41730",NA,"467.28 Kr",NA,NA,NA,NA,NA,NA,"Ages_NA",NA,NA,NA,NA,NA
"700","41731",NA,"643.36 Kr",NA,NA,NA,NA,NA,NA,"Ages_NA",NA,NA,NA,NA,NA
"701","41732",NA,"1185 Kr",NA,NA,NA,NA,NA,NA,"Ages_NA",NA,NA,NA,NA,NA
"702","41733",NA,"65.01 Kr",NA,NA,NA,NA,NA,NA,"Ages_NA",NA,NA,NA,NA,NA
"703","41734",NA,"738.17 Kr",NA,NA,NA,NA,NA,NA,"Ages_NA",NA,NA,NA,NA,NA
"704","41735",NA,"372.47 Kr",NA,NA,NA,NA,NA,NA,"Ages_NA",NA,NA,NA,NA,NA
"705","41736",NA,"440.19 Kr",NA,NA,NA,NA,NA,NA,"Ages_NA",NA,NA,NA,NA,NA
"706","41737",NA,"914.24 Kr",NA,NA,NA,NA,NA,NA,"Ages_NA",NA,NA,NA,NA,NA
"707","41738",NA,"65.01 Kr",NA,NA,NA,NA,NA,NA,"Ages_NA",NA,NA,NA,NA,NA
"708","41739",NA,"146.28 Kr",NA,NA,NA,NA,NA,NA,"Ages_NA",NA,NA,NA,NA,NA
"709","41740",NA,"146.28 Kr",NA,NA,NA,NA,NA,NA,"Ages_NA",NA,NA,NA,NA,NA
"710","41741",NA,"196.39 Kr",NA,NA,NA,NA,NA,NA,"Ages_NA",NA,NA,NA,NA,NA
"711","41743",NA,"319.65 Kr",NA,NA,NA,NA,NA,NA,"Ages_NA",NA,NA,NA,NA,NA
"712","41744",NA,"811.17 Kr",NA,NA,NA,NA,NA,NA,"Ages_NA",NA,NA,NA,NA,NA
"713","41745",NA,"507.91 Kr",NA,NA,NA,NA,NA,NA,"Ages_NA",NA,NA,NA,NA,NA
"714","41746",NA,"270.89 Kr",NA,NA,NA,NA,NA,NA,"Ages_NA",NA,NA,NA,NA,NA
"715","41747",NA,"482.18 Kr",NA,NA,NA,NA,NA,NA,"Ages_NA",NA,NA,NA,NA,NA
"716","41748",NA,"1354 Kr",NA,NA,NA,NA,NA,NA,"Ages_NA",NA,NA,NA,NA,NA
"717","41749",NA,"270.89 Kr",NA,NA,NA,NA,NA,NA,"Ages_NA",NA,NA,NA,NA,NA
"718","41751",NA,"426.65 Kr",NA,NA,NA,NA,NA,NA,"Ages_NA",NA,NA,NA,NA,NA
"719","41752",NA,"142.22 Kr",NA,NA,NA,NA,NA,NA,"Ages_NA",NA,NA,NA,NA,NA
"720","41753",NA,"67.72 Kr",NA,NA,NA,NA,NA,NA,"Ages_NA",NA,NA,NA,NA,NA
"721","41754",NA,"101.58 Kr",NA,NA,NA,NA,NA,NA,"Ages_NA",NA,NA,NA,NA,NA
"722","41755",NA,"148.99 Kr",NA,NA,NA,NA,NA,NA,"Ages_NA",NA,NA,NA,NA,NA
"723","41757",NA,"-",NA,NA,NA,NA,NA,NA,"Ages_NA",NA,NA,NA,NA,NA
"724","41759",NA,"540.96 Kr",NA,NA,NA,NA,NA,NA,"Ages_NA",NA,NA,NA,NA,NA
"725","41801",NA,"-",NA,NA,NA,NA,NA,NA,"Ages_NA",NA,NA,NA,NA,NA
"726","41802",NA,"-",NA,NA,NA,NA,NA,NA,"Ages_NA",NA,NA,NA,NA,NA
"727","41803",NA,"-",NA,NA,NA,NA,NA,NA,"Ages_NA",NA,NA,NA,NA,NA
"728","41805",NA,"169.30 Kr",NA,NA,NA,NA,NA,NA,"Ages_NA",NA,NA,NA,NA,NA
"729","41806",NA,"378.90 Kr",NA,NA,NA,NA,NA,NA,"Ages_NA",NA,NA,NA,NA,NA
"730","41807",NA,"-",NA,NA,NA,NA,NA,NA,"Ages_NA",NA,NA,NA,NA,NA
"731","41808",NA,"115.13 Kr",NA,NA,NA,NA,NA,NA,"Ages_NA",NA,NA,NA,NA,NA
"732","41809",NA,"135.44 Kr",NA,NA,NA,NA,NA,NA,"Ages_NA",NA,NA,NA,NA,NA
"733","41811",NA,"326.89 Kr",NA,NA,NA,NA,NA,NA,"Ages_NA",NA,NA,NA,NA,NA
"734","41900","Rainbow Bracelet",NA,2020,NA,"9","Dots","33",NA,"Ages_NA",NA,"Foil pack","NA","Retail","Small"
"735","41901","Funky Animals Bracelet",NA,2020,NA,"10","Dots","33",NA,"Ages_NA",NA,"Foil pack","NA","Retail","Small"
"736","41902","Sparkly Unicorn Bracelet",NA,2020,NA,"9","Dots","33",NA,"Ages_NA",NA,"Foil pack","NA","Retail","Small"
"737","41903","Cosmic Wonder Bracelet",NA,2020,NA,"9","Dots","33",NA,"Ages_NA",NA,"Foil pack","NA","Retail","Small"
"738","41904","Animal Picture Holders",NA,2020,NA,"54","Dots","423",NA,"Ages_NA",NA,"Plastic box","NA","Retail","Small"
"739","41905","Rainbow Jewelry Stand",NA,2020,NA,"42","Dots","213",NA,"Ages_NA",NA,"Plastic box","NA","Retail","Small"
"740","41906","Pineapple Pencil Holder",NA,2020,NA,"39","Dots","351",NA,"Ages_NA",NA,"Plastic box","NA","Retail","Small"
"741","41907","Desk Organiser",NA,2020,NA,"44","Dots","405",NA,"Ages_NA",NA,"Plastic box","0.4Kg (0.88 lb)","Retail","Small"
"742","41908","Extra DOTS - Series 1",NA,2020,NA,"6","Dots","109",NA,"Ages_6+",NA,"Foil pack","NA","Retail","Small"
"743","41909","Mermaid Vibes Bracelets","-",2021,NA,"9","Dots","34",NA,"Ages_NA",NA,"Foil pack","0.02Kg (0.04 lb)","Retail","Small"
"744","41910","Ice Cream Besties Bracelets","-",2021,NA,"12","Dots","34",NA,"Ages_NA",NA,"Foil pack","0.02Kg (0.04 lb)","Retail","Small"
"745","41911","Go Team! Bracelet",NA,2020,NA,"12","Dots","33",NA,"Ages_NA",NA,"Foil pack","0.02Kg (0.04 lb)","Retail","Small"
"746","41912","Love Birds Bracelet",NA,2020,NA,"10","Dots","33",NA,"Ages_NA",NA,"Foil pack","NA","Retail","Small"
"747","41913","Bracelet Mega Pack",NA,2020,NA,"39","Dots","300",NA,"Ages_NA",NA,"Plastic box","0.22Kg (0.48 lb)","Retail","Small"
"748","41914","Creative Picture Frames",NA,2020,NA,"31","Dots","398",NA,"Ages_NA",NA,"Plastic box","0.37Kg (0.81 lb)","Retail","Small"
"749","41915","Jewelry Box",NA,2020,NA,"35","Dots","374",NA,"Ages_NA",NA,"Plastic box","0.4Kg (0.88 lb)","Retail","Small"
"750","41916","Extra DOTS - Series 2",NA,2020,NA,"6","Dots","109",NA,"Ages_6+",NA,"Foil pack","0.01Kg (0.02 lb)","Retail","Small"
"751","41917","Magic Forest Bracelet",NA,2020,NA,"9","Dots","33",NA,"Ages_NA",NA,"Foil pack","0.02Kg (0.04 lb)","Retail","Small"
"752","41918","Adventure Bracelets","-",2021,NA,"14","Dots","34",NA,"Ages_NA",NA,"Foil pack","0.02Kg (0.04 lb)","Retail","Small"
"753","41919","Power Bracelet",NA,2020,NA,"12","Dots","33",NA,"Ages_NA",NA,"Foil pack","0.02Kg (0.04 lb)","Retail","Small"
"754","41921","Extra DOTS - Series 3","-",2021,NA,"7","Dots","107",NA,"Ages_6+",NA,"Foil pack","NA","Retail","Small"
"755","41922","Cool Cactus Bracelet","-",2021,NA,"10","Dots","33",NA,"Ages_NA",NA,"Foil pack","NA","Retail","Small"
"756","41923","Monster Bracelets","-",2021,NA,"10","Dots","34",NA,"Ages_NA",NA,"Foil pack","NA","Retail","Small"
"757","41924","Secret Holder","-",2021,NA,"27","Dots","451",NA,"Ages_NA",NA,"Plastic box","NA","Retail","Small"
"758","41925","Secret Boxes","-",2021,NA,"34","Dots","273",NA,"Ages_NA",NA,"Plastic box","NA","Retail","Small"
"759","41926","Creative Party Kit","-",2021,NA,"22","Dots","622",NA,"Ages_NA",NA,"Box","NA","Retail","Small"
"760","41927","Bag Tag Dog","-",2021,NA,"22","Dots","84",NA,"Ages_NA",NA,"Box with handle","NA","Retail","Small"
"761","41928","Bag Tag Narwhal","-",2021,NA,"18","Dots","85",NA,"Ages_NA",NA,"Box with handle","NA","Retail","Small"
"762","41929","Bag Tag Leopard","-",2021,NA,"18","Dots","84",NA,"Ages_NA",NA,"Box with handle","NA","Retail","Small"
"763","41930","Bag Tag Panda","-",2021,NA,"21","Dots","84",NA,"Ages_NA",NA,"Box with handle","NA","Retail","Small"
"764","41931","Extra DOTS - Series 4","-",2021,NA,"20","Dots","105",NA,"Ages_NA",NA,"Foil pack","NA","Retail","Small"
"765","41932","Extra DOTS - Series 5","-",2021,NA,"7","Dots","120",NA,"Ages_NA",NA,"Foil pack","0.02Kg (0.04 lb)","Retail","Small"
"766","41933","Music Bracelet","-",2021,NA,"9","Dots","33",NA,"Ages_NA",NA,"Foil pack","NA","Retail","Small"
"767","41934","Starlight Bracelets","-",2021,NA,"8","Dots","34",NA,"Ages_NA",NA,"Foil pack","NA","Retail","Small"
"768","41935","Lots of DOTS",NA,2021,NA,"44","Dots","1040",NA,"Ages_NA",NA,"Box","NA","Retail","Small"
"769","41936","Pencil Holder",NA,2021,NA,"37","Dots","321",NA,"Ages_NA",NA,"Plastic box","NA","Retail","Small"
"770","41937","Multi Pack - Summer Vibes",NA,2021,NA,"47","Dots","441",NA,"Ages_6+",NA,"Plastic box","NA","Retail","Small"
"771","41938","Creative Designer Box",NA,2021,NA,"64","Dots","849",NA,"Ages_7+",NA,"Box","NA","Retail","Small"
"772","41939","Bag Tag Dragon",NA,2021,NA,"18","Dots","82",NA,"Ages_NA",NA,"Box with handle","NA","Retail","Small"
"773","41940","Bag Tag Unicorn",NA,2021,NA,"23","Dots","80",NA,"Ages_NA",NA,"Box with handle","NA","Retail","Small"
"774","41942","Into the Deep Bracelets with Charms","-",2022,NA,"12","Dots","36",NA,"Ages_NA",NA,"Foil pack","NA","Retail","Small"
"775","41943","Gamer Bracelet with Charms","-",2022,NA,"13","Dots","37",NA,"Ages_NA",NA,"Foil pack","NA","Retail","Small"
"776","41944","Candy Kitty Bracelet & Bag Tag","-",2022,NA,"32","Dots","188",NA,"Ages_NA",NA,"Box with handle","NA","Retail","Small"
"777","41945","Neon Tiger Bracelet & Bag Tag","-",2022,NA,"32","Dots","188",NA,"Ages_NA",NA,"Box with handle","NA","Retail","Small"
"778","41946","Extra DOTS - Series 6","-",2022,NA,"9","Dots","118",NA,"Ages_NA",NA,"Foil pack","NA","Retail","Small"
"779","41947","Mickey and Friends Bracelets Mega Pack","289.04 Kr",2022,NA,"52","Dots","349",NA,"Ages_NA",NA,"Plastic box","NA","Retail","Small"
"780","41948","Cute Banana Pen Holder","-",2022,NA,"36","Dots","438",NA,"Ages_NA",NA,"Plastic box","NA","Retail","Small"
"781","41949","Bag Tags Mega Pack – Messaging","-",2022,NA,"42","Dots","228",NA,"Ages_NA",NA,"Plastic box","NA","Retail","Small"
"782","41950","Lots of DOTS - Lettering","-",2022,NA,"30","Dots","722",NA,"Ages_NA",NA,"Box","NA","Retail","Small"
"783","41951","Message Board","-",2022,NA,"40","Dots","531",NA,"Ages_NA",NA,"Plastic box","NA","Retail","Small"
"784","41952","Big Message Board","-",2022,NA,"21","Dots","943",NA,"Ages_8+",NA,"Box","NA","Retail","Small"
"785","41953","Rainbow Bracelet with Charms","-",2022,NA,"14","Dots","37",NA,"Ages_6+",NA,"Foil pack","NA","Retail","Small"
"786","41954","Adhesive Patch","54.18 Kr",2022,NA,"18","Dots","95",NA,"Ages_6+",NA,"Box with handle","NA","Retail","Small"
"787","41955","Stitch-on Patch","47.07 Kr",2022,NA,"15","Dots","95",NA,"Ages_8+",NA,"Box with handle","NA","Retail","Small"
"788","41956","Picture Frames & Bracelet Ice Cream","-",2022,NA,"47","Dots","474",NA,"Ages_NA",NA,"Plastic box","NA","Retail","Small"
"789","41957","Adhesive Patches Mega Pack","-",2022,NA,"32","Dots","486",NA,"Ages_NA",NA,"Plastic box","NA","Retail","Small"
"790","41958","Extra DOTS Series 7 - Sport","47.34 Kr*",2022,NA,"8","Dots","115",NA,"Ages_6+",NA,"Foil pack","0.02Kg (0.04 lb)","Retail","Small"
"791","41959","Cute Panda Tray","-",2022,NA,"46","Dots","517",NA,"Ages_NA",NA,"Plastic box","NA","Retail","Small"
"792","41960","Big Box","135.24 Kr",2022,NA,"21","Dots","479",NA,"Ages_7+",NA,"Box","NA","Retail","Small"
"793","41961","Designer Toolkit - Patterns","-",2022,NA,"86","Dots","1096",NA,"Ages_8+",NA,"Box","NA","Retail","Small"
"794","41962","Unicorn Creative Family Pack","-",2022,NA,"58","Dots","707",NA,"Ages_NA",NA,"Box","NA","Retail","Small"
"795","41963","Mickey Mouse & Minnie Mouse Stitch-on Patch","-",2022,NA,"22","Dots","95",NA,"Ages_8+",NA,"Box","NA","Retail","Small"
"796","41964","Mickey Mouse & Minnie Mouse Back-to-School Project Box","284.23 Kr",2022,NA,"84","Dots","669",NA,"Ages_NA",NA,"Box","NA","Retail","Small"
"797","42101","Buggy",NA,2020,NA,"47","Technic","117",NA,"Ages_7+",NA,"Box","0.15Kg (0.33 lb)","Retail","Small"
"798","42102","Mini CLAAS XERION",NA,2020,NA,"45","Technic","130",NA,"Ages_7+",NA,"Box","0.18Kg (0.4 lb)","Retail","Small"
"799","42103","Dragster",NA,2020,NA,"68","Technic","225",NA,"Ages_7+",NA,"Box","0.35Kg (0.77 lb)","Retail","Small"
"800","42104","Race Truck",NA,2020,NA,"59","Technic","227",NA,"Ages_7+",NA,"Box","0.35Kg (0.77 lb)","Retail","Small"
"801","42105","Catamaran",NA,2020,NA,"74","Technic","404",NA,"Ages_8+",NA,"Box","0.87Kg (1.92 lb)","Retail","Small"
"802","42106","Stunt Show Truck & Bike",NA,2020,NA,"109","Technic","610",NA,"Ages_8+",NA,"Box","0.95Kg (2.09 lb)","Retail","Small"
"803","42107","Ducati Panigale V4 R",NA,2020,NA,"128","Technic","646",NA,"Ages_10+",NA,"Box","0.91Kg (2 lb)","Retail","Small"
"804","42108","Mobile Crane",NA,2020,NA,"144","Technic","1292",NA,"Ages_10+",NA,"Box","2.01Kg (4.43 lb)","Retail","Small"
"805","42109","App-Controlled Top Gear Rally Car",NA,2020,NA,"93","Technic","463",NA,"Ages_9+",NA,"Box","1.1Kg (2.42 lb)","Retail","Small"
"806","42111","Dom's Dodge Charger",NA,2020,NA,"172","Technic","1077",NA,"Ages_10+",NA,"Box","1.65Kg (3.63 lb)","Retail - limited","Small"
"807","42112","Concrete Mixer Truck",NA,2020,NA,"127","Technic","1163",NA,"Ages_10+",NA,"Box","2.08Kg (4.58 lb)","Retail","Small"
"808","42113","Bell-Boeing V-22 Osprey",NA,2020,NA,"167","Technic","1636",NA,"Ages_11+",NA,"Box","2.44Kg (5.37 lb)","Retail","Small"
"809","42114","6x6 Volvo Articulated Hauler",NA,2020,NA,"235","Technic","2193",NA,"Ages_11+",NA,"Box","3.62Kg (7.97 lb)","Retail","Small"
"810","42115","Lamborghini Sián FKP 37",NA,2020,NA,"295","Technic","3696",NA,"Ages_18+",NA,"Box","7.18Kg (15.81 lb)","Retail - limited","Small"
"811","42116","Skid Steer Loader","-",2021,NA,"50","Technic","140",NA,"Ages_7+",NA,"Box","NA","Retail","Small"
"812","42117","Race Plane","-",2021,NA,"64","Technic","145",NA,"Ages_7+",NA,"Box","NA","Retail","Small"
"813","42118","Monster Jam Grave Digger","295.20 Kr*",2021,NA,"56","Technic","212",NA,"Ages_7+",NA,"Box","NA","Retail","Small"
"814","42119","Monster Jam Max-D","567.98 Kr",2021,NA,"60","Technic","230",NA,"Ages_7+",NA,"Box","NA","Retail","Small"
"815","42120","Rescue Hovercraft","-",2021,NA,"114","Technic","457",NA,"Ages_8+",NA,"Box","NA","Retail","Small"
"816","42121","Heavy Duty Excavator","-",2021,NA,"115","Technic","569",NA,"Ages_8+",NA,"Box","NA","Retail","Small"
"817","42122","Jeep Wrangler","482.18 Kr",2021,NA,"107","Technic","665",NA,"Ages_9+",NA,"Box","NA","Retail","Small"
"818","42123","McLaren Senna GTR","535.00 Kr",2021,NA,"130","Technic","830",NA,"Ages_10+",NA,"Box","NA","Retail","Small"
"819","42124","Off-Road Buggy","-",2021,NA,"82","Technic","374",NA,"Ages_10+",NA,"Box","NA","Retail","Small"
"820","42125","Ferrari 488 GTE 'AF Corse #51'","-",2021,NA,"237","Technic","1677",NA,"Ages_18+",NA,"Box","NA","Retail","Small"
"821","42126","Ford F-150 Raptor","-",2021,NA,"165","Technic","1379",NA,"Ages_18+",NA,"NA","NA","Retail","Small"
"822","42127","The Batman - Batmobile","865.28 Kr",2022,NA,"192","Technic","1360",NA,"Ages_10+",NA,"Box","NA","Retail","Small"
"823","42128","Heavy-Duty Tow Truck","-",2021,NA,"230","Technic","2017",NA,"Ages_11+",NA,"Box","NA","Retail","Small"
"824","42129","4x4 Mercedes-Benz Zetros Trial Truck","-",2021,NA,"242","Technic","2110",NA,"Ages_12+",NA,"Box","NA","Retail","Small"
"825","42130","BMW M 1000 RR","-",2022,NA,"307","Technic","1920",NA,"Ages_18+",NA,"Box","NA","Retail","Small"
"826","42131","Cat D11 Bulldozer","-",2021,NA,"230","Technic","3854",NA,"Ages_18+",NA,"Box","NA","Retail","Small"
"827","42132","Motorcycle","81.27 Kr",2022,NA,"55","Technic","163",NA,"Ages_7+",NA,"Box","NA","Retail","Small"
"828","42133","Telehandler","184.88 Kr*",2022,NA,"52","Technic","143",NA,"Ages_NA",NA,"NA","NA","NA","Small"
"829","42134","Monster Jam Megalodon","196.33 Kr",2022,NA,"61","Technic","260",NA,"Ages_7+",NA,"Box","NA","Retail","Small"
"830","42135","Monster Jam El Toro Loco","223.41 Kr",2022,NA,"61","Technic","247",NA,"Ages_7+",NA,"Box","NA","Retail","Small"
"831","42136","John Deere 9620R 4WD Tractor","-",2022,NA,"109","Technic","390",NA,"Ages_8+",NA,"Box","NA","Retail","Small"
"832","42137","Formula E Porsche 99x Electric","-",2022,NA,"95","Technic","422",NA,"Ages_9+",NA,"Box","NA","Retail","Small"
"833","42138","Ford Mustang Shelby GT500","428.00 Kr",2022,NA,"122","Technic","544",NA,"Ages_9+",NA,"Box","NA","Retail","Small"
"834","42139","All-Terrain Vehicle","737.35 Kr",2022,NA,"129","Technic","764",NA,"Ages_10+",NA,"Box","NA","Retail","Small"
"835","42140","App-Controlled Transformation Vehicle","1227 Kr",2022,NA,"112","Technic","772",NA,"Ages_9+",NA,"Box","NA","Retail","Small"
"836","42141","McLaren Formula 1 Race Car","-",2022,NA,"209","Technic","1432",NA,"Ages_18+",NA,"Box","NA","Retail","Small"
"837","42143","Ferrari Daytona SP3","4266 Kr",2022,NA,"349","Technic","3778",NA,"Ages_18+",NA,"Box","NA","Retail - limited","Small"
"838","42144","Material Handler","914.24 Kr",2022,NA,"124","Technic","835",NA,"Ages_10+",NA,"Box","NA","Retail","Small"
"839","42145","Airbus H175 Rescue Helicopter","1727 Kr",2022,NA,"259","Technic","2001",NA,"Ages_11+",NA,"Box","NA","Retail","Small"
"840","42147",NA,"94.74 Kr",NA,NA,NA,NA,NA,NA,"Ages_NA",NA,NA,NA,NA,NA
"841","42148",NA,"81.27 Kr",NA,NA,NA,NA,NA,NA,"Ages_NA",NA,NA,NA,NA,NA
"842","42149",NA,"196.33 Kr",NA,NA,NA,NA,NA,NA,"Ages_NA",NA,NA,NA,NA,NA
"843","42150",NA,"196.33 Kr",NA,NA,NA,NA,NA,NA,"Ages_NA",NA,NA,NA,NA,NA
"844","42151",NA,"428.00 Kr",NA,NA,NA,NA,NA,NA,"Ages_NA",NA,NA,NA,NA,NA
"845","42152",NA,"1038 Kr",NA,NA,NA,NA,NA,NA,"Ages_NA",NA,NA,NA,NA,NA
"846","42153",NA,"433.42 Kr",NA,NA,NA,NA,NA,NA,"Ages_NA",NA,NA,NA,NA,NA
"847","42154",NA,"1009 Kr",NA,NA,NA,NA,NA,NA,"Ages_NA",NA,NA,NA,NA,NA
"848","42155",NA,"433.35 Kr",NA,NA,NA,NA,NA,NA,"Ages_NA",NA,NA,NA,NA,NA
"849","42156",NA,"1618 Kr",NA,NA,NA,NA,NA,NA,"Ages_NA",NA,NA,NA,NA,NA
"850","42157",NA,"1686 Kr",NA,NA,NA,NA,NA,NA,"Ages_NA",NA,NA,NA,NA,NA
"851","42158",NA,"835.21 Kr",NA,NA,NA,NA,NA,NA,"Ages_NA",NA,NA,NA,NA,NA
"852","43101","Ice Cream Saxophonist",NA,2021,NA,NA,"Vidiyo","9",NA,"Ages_7+","1","Box with handle","NA","Retail","Small"
"853","43102","Candy Mermaid BeatBox",NA,2021,NA,"27","Vidiyo","71",NA,"Ages_7+","1,","Box","NA","Retail","Small"
"854","43103","Punk Pirate BeatBox",NA,2021,NA,"45","Vidiyo","73",NA,"Ages_7+","1,","Box","NA","Retail","Small"
"855","43104","Alien DJ BeatBox",NA,2021,NA,"46","Vidiyo","73",NA,"Ages_7+","1,","Box","NA","Retail","Small"
"856","43105","Party Llama BeatBox",NA,2021,NA,"46","Vidiyo","82",NA,"Ages_7+","1,","Box","NA","Retail","Small"
"857","43106","Unicorn DJ BeatBox",NA,2021,NA,"45","Vidiyo","84",NA,"Ages_7+","1,","Box","NA","Retail","Small"
"858","43107","HipHop Robot BeatBox",NA,2021,NA,"50","Vidiyo","73",NA,"Ages_7+","1,","Box","NA","Retail","Small"
"859","43108","Alien Dancer",NA,2021,NA,NA,"Vidiyo","12",NA,"Ages_7+","1","Box with handle","NA","Retail - limited","Small"
"860","43109","Metal Dragon BeatBox",NA,2021,NA,"28","Vidiyo","86",NA,"Ages_7+","1,","Box","NA","Retail","Small"
"861","43110","Folk Fairy BeatBox",NA,2021,NA,"25","Vidiyo","89",NA,"Ages_7+","1,","Box","NA","Retail","Small"
"862","43111","Candy Castle Stage",NA,2021,NA,"123","Vidiyo","344",NA,"Ages_7+","2,","Box","NA","Retail","Small"
"863","43112","Robo HipHop Car",NA,2021,NA,"130","Vidiyo","387",NA,"Ages_7+","2,","Box","NA","Retail","Small"
"864","43113","K-Pawp Concert",NA,2021,NA,"156","Vidiyo","514",NA,"Ages_8+","3,","Box","NA","Retail","Small"
"865","43114","Punk Pirate Ship",NA,2021,NA,"194","Vidiyo","615",NA,"Ages_8+","3,","Box","NA","Retail","Small"
"866","43115","The Boombox",NA,2021,NA,"235","Vidiyo","996",NA,"Ages_9+","4,","Box","NA","Retail","Small"
"867","43170","Moana's Ocean Adventure",NA,2020,NA,"39","Disney","46",NA,"Ages_6+","1","Box","0.08Kg (0.18 lb)","Retail","Small"
"868","43173","Aurora's Royal Carriage",NA,2020,NA,"35","Disney","62",NA,"Ages_5+","1,","Box","0.1Kg (0.22 lb)","Retail","Small"
"869","43174","Mulan's Storybook Adventures",NA,2020,NA,"72","Disney","124",NA,"Ages_5+","3,","Box","0.23Kg (0.51 lb)","Retail","Small"
"870","43175","Anna and Elsa's Storybook Adventures",NA,2020,NA,"71","Disney","133",NA,"Ages_5+","4,","Box","0.24Kg (0.53 lb)","Retail","Small"
"871","43176","Ariel's Storybook Adventures",NA,2020,NA,"61","Disney","105",NA,"Ages_5+","3,","Box","0.23Kg (0.51 lb)","Retail","Small"
"872","43177","Belle's Storybook Adventures",NA,2020,NA,"71","Disney","111",NA,"Ages_5+","6,","Box","0.23Kg (0.51 lb)","Retail","Small"
"873","43178","Cinderella's Castle Celebration",NA,2020,NA,"96","Disney","168",NA,"Ages_4+","1,","Box","0.42Kg (0.93 lb)","Retail","Small"
"874","43179","Mickey Mouse and Minnie Mouse",NA,2020,NA,"421","Disney","1739",NA,"Ages_18+",NA,"Box","NA","LEGO exclusive","Small"
"875","43180","Belle's Castle Winter Celebration",NA,2020,NA,"146","Disney","238",NA,"Ages_4+","8,","Box","0.59Kg (1.3 lb)","Retail","Small"
"876","43181","Raya and the Heart Palace","737.28 Kr",2021,NA,"210","Disney","610",NA,"Ages_7+","2,","Box","NA","Retail","Small"
"877","43182","Mulan's Training Grounds",NA,2020,NA,"94","Disney","157",NA,"Ages_6+","1,","Box","0.32Kg (0.7 lb)","Retail","Small"
"878","43183","Moana's Island Home",NA,2020,NA,"121","Disney","202",NA,"Ages_6+","1","Box","0.36Kg (0.79 lb)","Retail","Small"
"879","43184","Raya and Sisu Dragon","-",2021,NA,"107","Disney","216",NA,"Ages_NA","1","Box","0Kg (0 lb)","Retail","Small"
"880","43185","Boun's Boat","-",2021,NA,"128","Disney","247",NA,"Ages_NA","2,","Box","0Kg (0 lb)","Retail","Small"
"881","43186","Bruni the Salamander Buildable Character","-",2021,NA,"52","Disney","96",NA,"Ages_NA",NA,"Box","NA","Retail","Small"
"882","43187","Rapunzel's Tower",NA,2020,NA,"185","Disney","369",NA,"Ages_6+","2,","Box","NA","Retail","Small"
"883","43188","Aurora's Forest Cottage",NA,2020,NA,"163","Disney","300",NA,"Ages_5+","2,","Box","NA","Retail","Small"
"884","43189","Elsa and the Nokk Storybook Adventures","304.75 Kr*",2021,NA,"75","Disney","125",NA,"Ages_5+","5,","Box","NA","Retail","Small"
"885","43191","Ariel's Celebration Boat","642.81 Kr",2021,NA,"76","Disney","114",NA,"Ages_4+","2,","Box","NA","Retail","Small"
"886","43192","Cinderella's Royal Carriage","-",2021,NA,"91","Disney","237",NA,"Ages_6+","2,","Box","0.45Kg (0.98 lb)","Retail","Small"
"887","43193","Ariel, Belle, Cinderella and Tiana's Storybook Adventures","311.11 Kr",2021,NA,"75","Disney","130",NA,"Ages_5+","5,","Box","NA","Retail","Small"
"888","43194","Anna and Elsa's Frozen Wonderland","453.67 Kr",2021,NA,"92","Disney","154",NA,"Ages_4+","6,","Box","NA","Retail","Small"
"889","43195","Belle and Rapunzel's Royal Stables","541.43 Kr*",2021,NA,"111","Disney","239",NA,"Ages_5+","2,","Box","NA","Retail","Small"
"890","43196","Belle and the Beast's Castle","-",2021,NA,"256","Disney","505",NA,"Ages_NA","9,","Box","NA","Retail","Small"
"891","43197","The Ice Castle","-",2021,NA,"389","Disney","1709",NA,"Ages_14+","9,","Box","NA","LEGO exclusive","Small"
"892","43198","Anna's Castle Courtyard","92.10 Kr",2022,NA,"40","Disney","74",NA,"Ages_5+","1,","Box","NA","Retail","Small"
"893","43199","Elsa's Castle Courtyard","92.10 Kr",2022,NA,"31","Disney","53",NA,"Ages_5+","2,","Box","NA","Retail","Small"
"894","43200","Antonio's Magical Door","382.29 Kr",2021,NA,"58","Disney","99",NA,"Ages_5+","2,","Box","NA","Retail","Small"
"895","43201","Isabela's Magical Door","250.50 Kr*",2021,NA,"65","Disney","114",NA,"Ages_5+","3,","Box","NA","Retail","Small"
"896","43202","The Madrigal House","406.33 Kr",2021,NA,"239","Disney","587",NA,"Ages_NA","3,","Box","NA","Retail","Small"
"897","43203","Aurora, Merida and Tiana's Enchanted Creations","-",2022,NA,"186","Disney","558",NA,"Ages_NA","3,","Box","NA","Retail","Small"
"898","43204","Anna and Olaf's Castle Fun","359.74 Kr",2022,NA,"71","Disney","108",NA,"Ages_4+","2,","Box","NA","Retail","Small"
"899","43205","Ultimate Adventure Castle","873.34 Kr",2022,NA,"270","Disney","698",NA,"Ages_NA","5,","Box","NA","Retail","Small"
"900","43206","Cinderella and Prince Charming's Castle","643.36 Kr",2022,NA,"182","Disney","365",NA,"Ages_5+","3,","Box","NA","Retail","Small"
"901","43207","Ariel's Underwater Palace","-",2022,NA,"197","Disney","498",NA,"Ages_NA","3,","Box","NA","Retail","Small"
"902","43208","Jasmine and Mulan's Adventure","344.84 Kr",2022,NA,"106","Disney","176",NA,"Ages_5+","2,","Box","NA","Retail","Small"
"903","43209","Elsa and the Nokk's Ice Stable","148.92 Kr",2022,NA,"29","Disney","53",NA,"Ages_4+","1,","Box","0.15Kg (0.33 lb)","Retail","Small"
"904","43210",NA,"264.11 Kr",NA,NA,NA,NA,NA,NA,"Ages_NA",NA,NA,NA,NA,NA
"905","43211",NA,"270.89 Kr",NA,NA,NA,NA,NA,NA,"Ages_NA",NA,NA,NA,NA,NA
"906","43212",NA,"331.84 Kr",NA,NA,NA,NA,NA,NA,"Ages_NA",NA,NA,NA,NA,NA
"907","43213",NA,"189.62 Kr",NA,NA,NA,NA,NA,NA,"Ages_NA",NA,NA,NA,NA,NA
"908","43214",NA,"88.04 Kr",NA,NA,NA,NA,NA,NA,"Ages_NA",NA,NA,NA,NA,NA
"909","43215",NA,"1422 Kr",NA,NA,NA,NA,NA,NA,"Ages_NA",NA,NA,NA,NA,NA
"910","43216",NA,"482.18 Kr",NA,NA,NA,NA,NA,NA,"Ages_NA",NA,NA,NA,NA,NA
"911","43217",NA,"535.00 Kr",NA,NA,NA,NA,NA,NA,"Ages_NA",NA,NA,NA,NA,NA
"912","43218",NA,"146.28 Kr",NA,NA,NA,NA,NA,NA,"Ages_NA",NA,NA,NA,NA,NA
"913","43219",NA,"265.47 Kr",NA,NA,NA,NA,NA,NA,"Ages_NA",NA,NA,NA,NA,NA
"914","43220",NA,"101.58 Kr",NA,NA,NA,NA,NA,NA,"Ages_NA",NA,NA,NA,NA,NA
"915","43221",NA,"482.18 Kr",NA,NA,NA,NA,NA,NA,"Ages_NA",NA,NA,NA,NA,NA
"916","43225",NA,"-",NA,NA,NA,NA,NA,NA,"Ages_NA",NA,NA,NA,NA,NA
"917","45026","Tubes",NA,2020,NA,"49","Education","150",NA,"Ages_3+",NA,"Box","NA","Educational","Small"
"918","45027","Letters",NA,2020,NA,"33","Education","130",NA,"Ages_3 - 6",NA,"Box","NA","Educational","Small"
"919","45028","My XL World",NA,2020,NA,"110","Education","480",NA,"Ages_2 - 6","6","Box","NA","Educational","Small"
"920","45029","Animals",NA,2020,NA,"59","Education","91",NA,"Ages_NA",NA,"NA","NA","NA","Small"
"921","45030","People",NA,2020,NA,"44","Education","18",NA,"Ages_NA","26,","NA","NA","NA","Small"
"922","45345","SPIKE Essential Set",NA,2021,NA,"125","Education","442",NA,"Ages_NA","4","Tub","NA","Educational","Small"
"923","45400","BricQ Motion Prime",NA,2021,NA,"140","Education","562",NA,"Ages_10+",NA,"NA","NA","NA","Small"
"924","45401","BricQ Motion Essential",NA,2021,NA,"154","Education","523",NA,"Ages_6+",NA,"NA","NA","NA","Small"
"925","45601","Large Hub",NA,2020,NA,"2","Education","1",NA,"Ages_NA",NA,"NA","NA","NA","Small"
"926","45602","Large Angular Motor",NA,2020,NA,"1","Education","1",NA,"Ages_NA",NA,"NA","NA","NA","Small"
"927","45603","Medium Angular Motor",NA,2020,NA,NA,"Education","1",NA,"Ages_6+",NA,"NA","NA","NA","Small"
"928","45604","Distance Sensor",NA,2020,NA,"1","Education","1",NA,"Ages_NA",NA,"NA","NA","NA","Small"
"929","45605","Colour Sensor",NA,2020,NA,"1","Education","1",NA,"Ages_NA",NA,"NA","NA","NA","Small"
"930","45606","Force Sensor",NA,2020,NA,"1","Education","1",NA,"Ages_NA",NA,"NA","NA","NA","Small"
"931","45607","Small Angular Motor",NA,2021,NA,"1","Education","1",NA,"Ages_NA",NA,"NA","NA","NA","Small"
"932","45608","3×3 Color Light Matrix",NA,2021,NA,"1","Education","1",NA,"Ages_NA",NA,"NA","NA","NA","Small"
"933","45609","Small Hub",NA,2021,NA,"2","Education","2",NA,"Ages_NA",NA,"NA","NA","NA","Small"
"934","45610","Large hub battery",NA,2020,NA,"1","Education","1",NA,"Ages_NA",NA,"NA","NA","NA","Small"
"935","45611","Micro USB connector cable",NA,2020,NA,"1","Education","1",NA,"Ages_NA",NA,"NA","NA","NA","Small"
"936","45612","Small Hub Battery",NA,2021,NA,"1","Education","1",NA,"Ages_NA",NA,"NA","NA","NA","Small"
"937","45678","SPIKE Prime Set",NA,2020,NA,"107","Education","528",NA,"Ages_NA","2","Tub","NA","Educational","Small"
"938","45680","Expansion Set",NA,2020,NA,"103","Education","603",NA,"Ages_NA",NA,"Box","NA","Educational","Small"
"939","45681","Spike Prime Expansion Set (v2)",NA,2021,NA,"103","Education","604",NA,"Ages_NA",NA,"Box","NA","NA","Small"
"940","45813","RePLAY Challenge Kit",NA,2020,NA,"231","Education","1634",NA,"Ages_9+","2,","Box","NA","Educational","Small"
"941","45814","PLAYMAKERS Explore Set",NA,2020,NA,"216","Education","779",NA,"Ages_7+",NA,"Box","NA","Educational","Small"
"942","45815","PLAYMAKERS Discover Set",NA,2020,NA,"23","Education","76",NA,"Ages_4 - 6","4,","Box","NA","Educational","Small"
"943","45816","CARGO CONNECT Challenge Kit",NA,2021,NA,"265","Education","1920",NA,"Ages_9+",NA,"Box","NA","Educational","Small"
"944","45817","CARGO CONNECT Explore Set",NA,2021,NA,"276","Education","885",NA,"Ages_7+",NA,"Box","NA","Educational","Small"
"945","45818","CARGO CONNECT Discover Set",NA,2021,NA,"38","Education","77",NA,"Ages_4+",NA,"Box","NA","Educational","Small"
"946","45820","SUPERPOWERED Challenge Kit",NA,2022,NA,"352","Education","NA",NA,"Ages_9+",NA,"Box","NA","Educational","Small"
"947","45821","SUPERPOWERED Explore Set",NA,2022,NA,"313","Education","NA",NA,"Ages_7+",NA,"Box","NA","Educational","Small"
"948","45822","SUPERPOWERED Discover Set",NA,2022,NA,"39","Education","80",NA,"Ages_4+",NA,"Box","NA","Educational","Small"
"949","51515","Robot Inventor",NA,2020,NA,"143","Mindstorms","949",NA,"Ages_10+",NA,"Box","0Kg (0 lb)","Retail - limited","Small"
"950","60241","Police Dog Unit",NA,2020,NA,"48","City","67",NA,"Ages_4+","2,","Box","0.12Kg (0.28 lb)","Retail","Small"
"951","60242","Police Highway Arrest",NA,2020,NA,"98","City","185",NA,"Ages_5+","2,","Box","0.33Kg (0.73 lb)","Retail","Small"
"952","60243","Police Helicopter Chase",NA,2020,NA,"127","City","212",NA,"Ages_5+","4,","Box","0.52Kg (1.16 lb)","Retail","Small"
"953","60244","Police Helicopter Transport",NA,2020,NA,"162","City","317",NA,"Ages_5+","4,","Box","0.72Kg (1.58 lb)","Retail","Small"
"954","60245","Police Monster Truck Heist",NA,2020,NA,"198","City","362",NA,"Ages_5+","5,","Box","0.85Kg (1.87 lb)","Retail","Small"
"955","60246","Police Station",NA,2020,NA,"298","City","743",NA,"Ages_6+","7,","Box","1.85Kg (4.06 lb)","Retail","Small"
"956","60247","Forest Fire",NA,2020,NA,"49","City","84",NA,"Ages_5+","1","Box","0.13Kg (0.3 lb)","Retail","Small"
"957","60248","Fire Helicopter Response",NA,2020,NA,"62","City","93",NA,"Ages_5+","3,","Box","0.25Kg (0.55 lb)","Retail","Small"
"958","60249","Street Sweeper",NA,2020,NA,"55","City","89",NA,"Ages_5+","1,","Box","0.14Kg (0.31 lb)","Retail","Small"
"959","60250","Mail Plane",NA,2020,NA,"55","City","74",NA,"Ages_5+","1,","Box","0.15Kg (0.33 lb)","Retail","Small"
"960","60251","Monster Truck",NA,2020,NA,"34","City","55",NA,"Ages_5+","1,","Box","0.14Kg (0.31 lb)","Retail","Small"
"961","60252","Construction Bulldozer",NA,2020,NA,"79","City","126",NA,"Ages_4+","2,","Box","0.35Kg (0.78 lb)","Retail","Small"
"962","60253","Ice-Cream Truck",NA,2020,NA,"112","City","200",NA,"Ages_5+","2,","Box","0.37Kg (0.82 lb)","Retail","Small"
"963","60254","Race Boat Transporter",NA,2020,NA,"123","City","238",NA,"Ages_5+","2,","Box","0.56Kg (1.24 lb)","Retail","Small"
"964","60255","Stunt Team",NA,2020,NA,"34","City","62",NA,"Ages_5+","2,","Box","0.1Kg (0.23 lb)","Retail","Small"
"965","60256","Racing Cars",NA,2020,NA,"101","City","190",NA,"Ages_5+","2,","Box","0.34Kg (0.75 lb)","Retail","Small"
"966","60257","Service Station",NA,2020,NA,"179","City","354",NA,"Ages_5+","4,","Box","0.7Kg (1.55 lb)","Retail","Small"
"967","60258","Tuning Workshop",NA,2020,NA,"411","City","897",NA,"Ages_6+","7,","Box","1.63Kg (3.58 lb)","Retail","Small"
"968","60260","Air Race",NA,2020,NA,"84","City","140",NA,"Ages_5+","3,","Box","0.51Kg (1.11 lb)","Retail","Small"
"969","60261","Central Airport",NA,2020,NA,"166","City","286",NA,"Ages_4+","6,","Box","0.82Kg (1.81 lb)","Retail","Small"
"970","60262","Passenger Airplane",NA,2020,NA,"288","City","669",NA,"Ages_6+","9,","Box","1.77Kg (3.9 lb)","Retail","Small"
"971","60263","Ocean Mini-Submarine",NA,2020,NA,"30","City","41",NA,"Ages_4+","1,","Box","0.13Kg (0.28 lb)","Retail","Small"
"972","60264","Ocean Exploration Submarine",NA,2020,NA,"132","City","286",NA,"Ages_5+","4,","Box","0.52Kg (1.15 lb)","Retail","Small"
"973","60265","Ocean Exploration Base",NA,2020,NA,"183","City","497",NA,"Ages_6+","5,","Box","1.1Kg (2.42 lb)","Retail","Small"
"974","60266","Ocean Exploration Ship",NA,2020,NA,"315","City","745",NA,"Ages_7+","8,","Box","2.28Kg (5.03 lb)","Retail","Small"
"975","60267","Safari Off-Roader",NA,2020,NA,"86","City","168",NA,"Ages_5+","2,","Box","0.34Kg (0.76 lb)","Retail","Small"
"976","60268","City Advent Calendar",NA,2020,NA,"183","City","342",NA,"Ages_5+","6,","Box","0.42Kg (0.93 lb)","Retail","Small"
"977","60270","Police Brick Box",NA,2020,NA,"162","City","301",NA,"Ages_5+","4,","Tub","1Kg (2.21 lb)","Retail","Small"
"978","60271","Main Square",NA,2020,NA,"511","City","1517",NA,"Ages_6+","15,","Box","3.06Kg (6.74 lb)","LEGO exclusive","Small"
"979","60272","Elite Police Boat Transport",NA,2020,NA,"107","City","166",NA,"Ages_5+","2,","Box","0.38Kg (0.84 lb)","Retail","Small"
"980","60273","Elite Police Driller Chase",NA,2020,NA,"87","City","179",NA,"Ages_5+","2,","Box","0.37Kg (0.82 lb)","Retail","Small"
"981","60274","Elite Police Lighthouse Capture",NA,2020,NA,"108","City","189",NA,"Ages_5+","2,","Box","0.38Kg (0.84 lb)","Retail","Small"
"982","60275","Police Helicopter","-",2021,NA,"44","City","51",NA,"Ages_4+","2,","Box","0.13Kg (0.28 lb)","Retail","Small"
"983","60276","Police Prisoner Transport","-",2021,NA,"142","City","244",NA,"Ages_5+","4,","Box","0.44Kg (0.97 lb)","Retail","Small"
"984","60277","Police Patrol Boat","-",2021,NA,"145","City","276",NA,"Ages_5+","5,","Box","0.8Kg (1.75 lb)","Retail","Small"
"985","60278","Crook's Hideout Raid",NA,2021,NA,NA,"City","654",NA,"Ages_NA",NA,"Box","NA","Retail","Small"
"986","60279","Fire Hazard Truck","-",2021,NA,"52","City","87",NA,"Ages_5+","1,","Box","0.13Kg (0.29 lb)","Retail","Small"
"987","60280","Fire Ladder Truck","-",2021,NA,"57","City","88",NA,"Ages_4+","2,","Box","0.31Kg (0.69 lb)","Retail","Small"
"988","60281","Fire Rescue Helicopter","-",2021,NA,"126","City","212",NA,"Ages_5+","3,","Box","0.56Kg (1.23 lb)","Retail","Small"
"989","60282","Fire Command Unit","-",2021,NA,"177","City","380",NA,"Ages_6+","4,","Box","0.92Kg (2.03 lb)","Retail","Small"
"990","60283","Holiday Camper Van","146.28 Kr",2021,NA,"109","City","190",NA,"Ages_5+","3,","Box","0.37Kg (0.82 lb)","Retail","Small"
"991","60284","Roadwork Truck","237.03 Kr*",2021,NA,"36","City","58",NA,"Ages_4+","1,","Box","0.14Kg (0.3 lb)","Retail","Small"
"992","60285","Sports Car","271.90 Kr",2021,NA,"50","City","89",NA,"Ages_5+","1,","Box","0.16Kg (0.36 lb)","Retail","Small"
"993","60286","Beach Rescue ATV","-",2021,NA,"54","City","79",NA,"Ages_5+","1,","Box","0.15Kg (0.33 lb)","Retail","Small"
"994","60287","Tractor","148.99 Kr",2021,NA,"80","City","148",NA,"Ages_5+","2,","Box","0.34Kg (0.75 lb)","Retail","Small"
"995","60288","Race Buggy Transporter","520.17 Kr",2021,NA,"120","City","210",NA,"Ages_5+","2,","Box","0.44Kg (0.98 lb)","Retail","Small"
"996","60289","Airshow Jet Transporter","-",2021,NA,"133","City","281",NA,"Ages_5+","2,","Box","0.56Kg (1.24 lb)","Retail","Small"
"997","60290","Skate Park","501.07 Kr*",2021,NA,"106","City","195",NA,"Ages_5+","4,","Box","0.45Kg (0.99 lb)","Retail","Small"
"998","60291","Family House","399.56 Kr",2021,NA,"191","City","388",NA,"Ages_5+","4,","Box","1.02Kg (2.24 lb)","Retail","Small"
"999","60292","Town Center","-",2021,NA,"349","City","790",NA,"Ages_6+","10,","Box","1.72Kg (3.8 lb)","Retail","Small"
"1000","60293","Stunt Park","-",2021,NA,"85","City","170",NA,"Ages_5+","2,","Box","0.47Kg (1.04 lb)","Retail","Small"
"1001","60294","Stunt Show Truck","670.44 Kr*",2021,NA,"172","City","420",NA,"Ages_6+","4,","Box","0.97Kg (2.13 lb)","Retail","Small"
"1002","60295","Stunt Show Arena","-",2021,NA,"241","City","668",NA,"Ages_6+","7,","Box","1.53Kg (3.37 lb)","Retail","Small"
"1003","60296","Wheelie Stunt Bike","-",2021,NA,"14","City","14",NA,"Ages_5+","1,","Box","0.05Kg (0.1 lb)","Retail","Small"
"1004","60297","Demolition Stunt Bike","-",2021,NA,"12","City","12",NA,"Ages_5+","1,","Box","0.05Kg (0.1 lb)","Retail","Small"
"1005","60298","Rocket Stunt Bike","-",2021,NA,"14","City","14",NA,"Ages_5+","1,","Box","0.05Kg (0.1 lb)","Retail","Small"
"1006","60299","Stunt Competition","134.02 Kr",2021,NA,"47","City","73",NA,"Ages_5+","2,","Box","0.22Kg (0.49 lb)","Retail","Small"
"1007","60300","Wildlife Rescue ATV","-",2021,NA,"45","City","74",NA,"Ages_5+","1,","Box","0.12Kg (0.26 lb)","Retail","Small"
"1008","60301","Wildlife Rescue Off-Roader","372.40 Kr*",2021,NA,"99","City","157",NA,"Ages_4+","3,","Box","0.59Kg (1.3 lb)","Retail","Small"
"1009","60302","Wildlife Rescue Operation","-",2021,NA,"253","City","525",NA,"Ages_6+","4,","Box","1.19Kg (2.61 lb)","Retail","Small"
"1010","60303","City Advent Calendar","-",2021,NA,"205","City","349",NA,"Ages_5+","7,","Box","0.45Kg (0.99 lb)","Retail","Small"
"1011","60304","Road Plates","182.85 Kr",2021,NA,"30","City","112",NA,"Ages_5+",NA,"Box","0.42Kg (0.93 lb)","Retail","Small"
"1012","60305","Car Transporter","-",2021,NA,"138","City","342",NA,"Ages_5+","2,","Box","0.64Kg (1.42 lb)","Retail","Small"
"1013","60306","Shopping Street","-",2021,NA,"276","City","533",NA,"Ages_6+","6,","Box","1.19Kg (2.62 lb)","Retail","Small"
"1014","60307","Wildlife Rescue Camp","1392 Kr",2021,NA,"253","City","503",NA,"Ages_6+","6,","Box","1.21Kg (2.67 lb)","Retail","Small"
"1015","60308","Seaside Police and Fire Mission","-",2021,NA,"178","City","297",NA,"Ages_5+","4,","Box","0.72Kg (1.59 lb)","Retail","Small"
"1016","60309","Selfie Stunt Bike","-",2021,NA,"14","City","14",NA,"Ages_5+","1,","Box","0.05Kg (0.1 lb)","Retail","Small"
"1017","60310","Chicken Stunt Bike","-",2021,NA,"10","City","10",NA,"Ages_5+","1,","Box","0.04Kg (0.1 lb)","Retail","Small"
"1018","60311","Fire Stunt Bike","-",2021,NA,"11","City","11",NA,"Ages_5+","1,","Box","0.05Kg (0.1 lb)","Retail","Small"
"1019","60312","Police Car","65.01 Kr",2022,NA,"49","City","94",NA,"Ages_5+","1,","Box","0.14Kg (0.3 lb)","Retail","Small"
"1020","60313","Space Ride Amusement Truck",NA,2022,NA,"171","City","433",NA,"Ages_NA","3,","Box","0.72Kg (1.59 lb)","Retail","Small"
"1021","60314","Ice Cream Truck Police Chase","223.48 Kr",2022,NA,"180","City","317",NA,"Ages_5+","3,","Box","0.57Kg (1.26 lb)","Retail","Small"
"1022","60315","Police Mobile Command Truck","270.89 Kr",2022,NA,"199","City","436",NA,"Ages_6+","4,","Box","0.8Kg (1.77 lb)","Retail","Small"
"1023","60316","Police Station","-",2022,NA,"332","City","668",NA,"Ages_6+","5,","Box","1.38Kg (3.04 lb)","Retail","Small"
"1024","60317","Police Chase at the Bank","-",2022,NA,"369","City","915",NA,"Ages_7+","6,","Box","1.8Kg (3.96 lb)","Retail","Small"
"1025","60318","Fire Helicopter","169.30 Kr*",2022,NA,"39","City","53",NA,"Ages_4+","2,","Box","0.13Kg (0.29 lb)","Retail","Small"
"1026","60319","Fire Rescue & Police Chase","-",2022,NA,"163","City","295",NA,"Ages_5+","3,","Box","0.57Kg (1.26 lb)","Retail","Small"
"1027","60320","Fire Station","-",2022,NA,"272","City","540",NA,"Ages_6+","5,","Box","1.36Kg (2.99 lb)","Retail","Small"
"1028","60321","Fire Brigade","-",2022,NA,"310","City","766",NA,"Ages_7+","7,","Box","1.78Kg (3.93 lb)","Retail","Small"
"1029","60322","Race Car","155.69 Kr*",2022,NA,"33","City","46",NA,"Ages_4+","2,","Box","0.11Kg (0.24 lb)","Retail","Small"
"1030","60323","Stunt Plane","155.69 Kr*",2022,NA,"43","City","59",NA,"Ages_5+","1,","Box","0.13Kg (0.29 lb)","Retail","Small"
"1031","60324","Mobile Crane","319.65 Kr",2022,NA,"126","City","340",NA,"Ages_7+","2,","Box","0.7Kg (1.55 lb)","Retail","Small"
"1032","60325","Cement Mixer Truck","-",2022,NA,"46","City","85",NA,"Ages_4+","2,","Box","0.32Kg (0.72 lb)","Retail","Small"
"1033","60326","Picnic in the Park","-",2022,NA,"86","City","147",NA,"Ages_5+","3,","Box","0.22Kg (0.49 lb)","Retail - limited","Small"
"1034","60327","Horse Transporter","-",2022,NA,"92","City","196",NA,"Ages_5+","2,","Box","0.5Kg (1.09 lb)","Retail","Small"
"1035","60328","Beach Lifeguard Station","331.84 Kr",2022,NA,"130","City","211",NA,"Ages_5+","4,","Box","0.53Kg (1.18 lb)","Retail","Small"
"1036","60329","School Day","-",2022,NA,"256","City","433",NA,"Ages_NA","8,","Box","1Kg (2.2 lb)","Retail","Small"
"1037","60330","Hospital","-",2022,NA,"337","City","816",NA,"Ages_7+","13,","Box","1.75Kg (3.85 lb)","Retail","Small"
"1038","60331","Touring Stunt Bike","-",2022,NA,"10","City","10",NA,"Ages_5+","1,","Box","0.05Kg (0.1 lb)","Retail","Small"
"1039","60332","Reckless Scorpion Stunt Bike","-",2022,NA,"14","City","15",NA,"Ages_5+","1,","Box","0.05Kg (0.1 lb)","Retail","Small"
"1040","60333","Bathtub Stunt Bike","-",2022,NA,"14","City","14",NA,"Ages_5+","1,","Box","0.05Kg (0.11 lb)","Retail","Small"
"1041","60335","Train Station","-",2022,NA,"325","City","907",NA,"Ages_7+","6,","Box","1.92Kg (4.23 lb)","Retail","Small"
"1042","60336","Freight Train","-",2022,NA,"347","City","1153",NA,"Ages_7+","6,","Box","2.76Kg (6.09 lb)","Retail","Small"
"1043","60337","Express Passenger Train","1185 Kr",2022,NA,"214","City","764",NA,"Ages_7+","6,","Box","2.2Kg (4.85 lb)","Retail","Small"
"1044","60338","Chimpanzee Smash Stunt Loop","288.09 Kr",2022,NA,"101","City","226",NA,"Ages_7+","3,","Box","0.64Kg (1.4 lb)","Retail","Small"
"1045","60339","Double Loop Stunt Arena","-",2022,NA,"252","City","598",NA,"Ages_7+","7,","Box","1.47Kg (3.24 lb)","Retail","Small"
"1046","60340","The Blade Stunt Challenge","128.67 Kr",2022,NA,"56","City","154",NA,"Ages_5+","2,","Box","0.39Kg (0.86 lb)","Retail","Small"
"1047","60341","The Knockdown Stunt Challenge","135.24 Kr",2022,NA,"55","City","117",NA,"Ages_5+","2,","Box","0.35Kg (0.77 lb)","Retail","Small"
"1048","60342","The Shark Attack Stunt Challenge","167.95 Kr",2022,NA,"54","City","122",NA,"Ages_5+","3,","Box","0.37Kg (0.82 lb)","Retail","Small"
"1049","60343","Rescue Helicopter Transporter","169.30 Kr",2022,NA,"111","City","215",NA,"Ages_5+","2,","Box","0.55Kg (1.22 lb)","Retail","Small"
"1050","60344","Chicken Henhouse","-",2022,NA,"59","City","101",NA,"Ages_5+","1,","Box","0.15Kg (0.32 lb)","Retail","Small"
"1051","60345","Farmers Market Van","600.35 Kr",2022,NA,"146","City","310",NA,"Ages_5+","3,","Box","0.55Kg (1.21 lb)","Retail","Small"
"1052","60346","Barn & Farm Animals","399.56 Kr",2022,NA,"127","City","230",NA,"Ages_4+","4,","Box","0.67Kg (1.48 lb)","Retail","Small"
"1053","60347","Grocery Store","-",2022,NA,"188","City","404",NA,"Ages_NA","5,","Box","0.92Kg (2.02 lb)","Retail","Small"
"1054","60348","Lunar Roving Vehicle","-",2022,NA,"102","City","275",NA,"Ages_NA","3,","Box","0.47Kg (1.03 lb)","Retail","Small"
"1055","60349","Lunar Space Station","1284 Kr",2022,NA,"191","City","500",NA,"Ages_NA","5,","Box","1Kg (2.2 lb)","Retail","Small"
"1056","60350","Lunar Research Base","-",2022,NA,"271","City","786",NA,"Ages_7+","6,","Box","1.46Kg (3.21 lb)","Retail","Small"
"1057","60351","Rocket Launch Center",NA,2022,NA,"352","City","1010",NA,"Ages_7+","7,","Box","2.11Kg (4.65 lb)","Retail","Small"
"1058","60352","City Advent Calendar","181.83 Kr",2022,NA,"175","City","287",NA,"Ages_5+","6,","Box","0.44Kg (0.97 lb)","Retail","Small"
"1059","60353","Wild Animal Rescue Missions","-",2022,NA,"150","City","246",NA,"Ages_NA","1,","Box","NA","Retail","Small"
"1060","60354","Mars Spacecraft Exploration Missions","332.24 Kr",2022,NA,"145","City","298",NA,"Ages_NA","2,","Box","NA","Retail","Small"
"1061","60355","Water Police Detective Missions","182.85 Kr",2022,NA,"173","City","278",NA,"Ages_NA","2,","Box","NA","Retail","Small"
"1062","60356",NA,"-",NA,NA,NA,NA,NA,NA,"Ages_NA",NA,NA,NA,NA,NA
"1063","60357",NA,"541.16 Kr",NA,NA,NA,NA,NA,NA,"Ages_NA",NA,NA,NA,NA,NA
"1064","60358",NA,"-",NA,NA,NA,NA,NA,NA,"Ages_NA",NA,NA,NA,NA,NA
"1065","60359",NA,"-",NA,NA,NA,NA,NA,NA,"Ages_NA",NA,NA,NA,NA,NA
"1066","60360",NA,"-",NA,NA,NA,NA,NA,NA,"Ages_NA",NA,NA,NA,NA,NA
"1067","60361",NA,"-",NA,NA,NA,NA,NA,NA,"Ages_NA",NA,NA,NA,NA,NA
"1068","60362",NA,"148.99 Kr",NA,NA,NA,NA,NA,NA,"Ages_NA",NA,NA,NA,NA,NA
"1069","60363",NA,"319.65 Kr",NA,NA,NA,NA,NA,NA,"Ages_NA",NA,NA,NA,NA,NA
"1070","60364",NA,"428.00 Kr",NA,NA,NA,NA,NA,NA,"Ages_NA",NA,NA,NA,NA,NA
"1071","60365",NA,"744.94 Kr",NA,NA,NA,NA,NA,NA,"Ages_NA",NA,NA,NA,NA,NA
"1072","60366",NA,"914.24 Kr",NA,NA,NA,NA,NA,NA,"Ages_NA",NA,NA,NA,NA,NA
"1073","60368",NA,"1354 Kr",NA,NA,NA,NA,NA,NA,"Ages_NA",NA,NA,NA,NA,NA
"1074","60369",NA,"148.99 Kr",NA,NA,NA,NA,NA,NA,"Ages_NA",NA,NA,NA,NA,NA
"1075","60370",NA,"243.80 Kr",NA,NA,NA,NA,NA,NA,"Ages_NA",NA,NA,NA,NA,NA
"1076","60371",NA,"535.00 Kr",NA,NA,NA,NA,NA,NA,"Ages_NA",NA,NA,NA,NA,NA
"1077","60372",NA,"535.00 Kr",NA,NA,NA,NA,NA,NA,"Ages_NA",NA,NA,NA,NA,NA
"1078","60373",NA,"148.99 Kr",NA,NA,NA,NA,NA,NA,"Ages_NA",NA,NA,NA,NA,NA
"1079","60374",NA,"399.56 Kr",NA,NA,NA,NA,NA,NA,"Ages_NA",NA,NA,NA,NA,NA
"1080","60375",NA,"236.96 Kr",NA,NA,NA,NA,NA,NA,"Ages_NA",NA,NA,NA,NA,NA
"1081","60376",NA,"81.27 Kr",NA,NA,NA,NA,NA,NA,"Ages_NA",NA,NA,NA,NA,NA
"1082","60377",NA,"265.47 Kr",NA,NA,NA,NA,NA,NA,"Ages_NA",NA,NA,NA,NA,NA
"1083","60378",NA,"629.74 Kr",NA,NA,NA,NA,NA,NA,"Ages_NA",NA,NA,NA,NA,NA
"1084","60379",NA,"704.30 Kr",NA,NA,NA,NA,NA,NA,"Ages_NA",NA,NA,NA,NA,NA
"1085","60380",NA,"1734 Kr",NA,NA,NA,NA,NA,NA,"Ages_NA",NA,NA,NA,NA,NA
"1086","60382",NA,"67.72 Kr",NA,NA,NA,NA,NA,NA,"Ages_NA",NA,NA,NA,NA,NA
"1087","60383",NA,"65.01 Kr",NA,NA,NA,NA,NA,NA,"Ages_NA",NA,NA,NA,NA,NA
"1088","60384",NA,"148.99 Kr",NA,NA,NA,NA,NA,NA,"Ages_NA",NA,NA,NA,NA,NA
"1089","60385",NA,"148.99 Kr",NA,NA,NA,NA,NA,NA,"Ages_NA",NA,NA,NA,NA,NA
"1090","60386",NA,"338.54 Kr",NA,NA,NA,NA,NA,NA,"Ages_NA",NA,NA,NA,NA,NA
"1091","60387",NA,"211.29 Kr",NA,NA,NA,NA,NA,NA,"Ages_NA",NA,NA,NA,NA,NA
"1092","60388",NA,"270.89 Kr",NA,NA,NA,NA,NA,NA,"Ages_NA",NA,NA,NA,NA,NA
"1093","60389",NA,"385.81 Kr",NA,NA,NA,NA,NA,NA,"Ages_NA",NA,NA,NA,NA,NA
"1094","60390",NA,"67.72 Kr",NA,NA,NA,NA,NA,NA,"Ages_NA",NA,NA,NA,NA,NA
"1095","60391",NA,"507.91 Kr",NA,NA,NA,NA,NA,NA,"Ages_NA",NA,NA,NA,NA,NA
"1096","60392",NA,"67.72 Kr",NA,NA,NA,NA,NA,NA,"Ages_NA",NA,NA,NA,NA,NA
"1097","60393",NA,"65.01 Kr",NA,NA,NA,NA,NA,NA,"Ages_NA",NA,NA,NA,NA,NA
"1098","60394",NA,"-",NA,NA,NA,NA,NA,NA,"Ages_NA",NA,NA,NA,NA,NA
"1099","60398",NA,"428.00 Kr",NA,NA,NA,NA,NA,NA,"Ages_NA",NA,NA,NA,NA,NA
"1100","70427","Welcome to the Hidden Side",NA,2020,NA,"103","Hidden Side","189",NA,"Ages_7+","4,","Box","0.38Kg (0.84 lb)","Retail","Small"
"1101","70428","Jack's Beach Buggy",NA,2020,NA,"98","Hidden Side","170",NA,"Ages_7+","3,","Box","0.3Kg (0.66 lb)","Retail","Small"
"1102","70429","El Fuego's Stunt Plane",NA,2020,NA,"149","Hidden Side","295",NA,"Ages_7+","3,","Box","0.51Kg (1.12 lb)","Retail","Small"
"1103","70430","Newbury Subway",NA,2020,NA,"146","Hidden Side","348",NA,"Ages_8+","3,","Box","0.57Kg (1.26 lb)","Retail","Small"
"1104","70431","The Lighthouse of Darkness",NA,2020,NA,"240","Hidden Side","540",NA,"Ages_8+","5,","Box","0.95Kg (2.09 lb)","Retail","Small"
"1105","70432","Haunted Fairground",NA,2020,NA,"213","Hidden Side","466",NA,"Ages_8+","5,","Box","0.9Kg (1.98 lb)","Retail","Small"
"1106","70433","J.B.'s Submarine",NA,2020,NA,"120","Hidden Side","224",NA,"Ages_7+","3,","Box","0.34Kg (0.75 lb)","Retail","Small"
"1107","70434","Supernatural Race Car",NA,2020,NA,"115","Hidden Side","244",NA,"Ages_7+","3,","Box","0.49Kg (1.08 lb)","Retail","Small"
"1108","70435","Newbury Abandoned Prison",NA,2020,NA,"164","Hidden Side","400",NA,"Ages_7+","4,","Box","0.65Kg (1.43 lb)","Retail","Small"
"1109","70436","Phantom Fire Truck 3000",NA,2020,NA,"264","Hidden Side","760",NA,"Ages_9+","6,","Box","1.05Kg (2.31 lb)","Retail","Small"
"1110","70437","Mystery Castle",NA,2020,NA,"335","Hidden Side","1035",NA,"Ages_9+","6,","Box","1.76Kg (3.88 lb)","Retail","Small"
"1111","70685","Spinjitzu Burst - Cole",NA,2020,NA,"31","Ninjago","48",NA,"Ages_7+","1","Box","0.11Kg (0.24 lb)","Retail","Small"
"1112","70686","Spinjitzu Burst - Kai",NA,2020,NA,"31","Ninjago","48",NA,"Ages_7+","1,","Box","0.11Kg (0.24 lb)","Retail","Small"
"1113","70687","Spinjitzu Burst Lloyd",NA,2020,NA,"30","Ninjago","48",NA,"Ages_7+","1","Box","0.11Kg (0.24 lb)","Retail","Small"
"1114","70688","Kai's Spinjitzu Ninja Training","390.62 Kr",2022,NA,"14","Ninjago","32",NA,"Ages_NA","1,","Box","NA","Retail","Small"
"1115","70689","Lloyd's Spinjitzu Ninja Training","-",2022,NA,"11","Ninjago","32",NA,"Ages_NA","1,","Box","NA","Retail","Small"
"1116","70690","Jay's Spinjitzu Ninja Training","-",2022,NA,"11","Ninjago","25",NA,"Ages_NA","1,","Box","NA","Retail","Small"
"1117","71026","Mister Miracle",NA,2020,NA,NA,"Collectable Minifigures","10",NA,"Ages_5+","1","Foil pack","0.01Kg (0.02 lb)","Retail","Small"
"1118","71027","Piñata Boy",NA,2020,NA,NA,"Collectable Minifigures","9",NA,"Ages_5+","1","Foil pack","0.01Kg (0.02 lb)","Retail","Small"
"1119","71028","Harry Potter",NA,2020,NA,NA,"Collectable Minifigures","8",NA,"Ages_5+","1","Foil pack","0.01Kg (0.02 lb)","Retail","Small"
"1120","71029","Paddle Surfer",NA,2021,NA,NA,"Collectable Minifigures","7",NA,"Ages_5+","1","Foil pack","NA","Retail","Small"
"1121","71030","Lola Bunny",NA,2021,NA,NA,"Collectable Minifigures","5",NA,"Ages_5+","1","Foil pack","NA","Retail","Small"
"1122","71031","The Scarlet Witch",NA,2021,NA,NA,"Collectable Minifigures","8",NA,"Ages_5+","1","Foil pack","NA","Retail","Small"
"1123","71032","Robot Repair Tech",NA,2022,NA,NA,"Collectable Minifigures","15",NA,"Ages_5+","1","Foil pack","NA","Retail","Small"
"1124","71033","Rowlf the Dog",NA,2022,NA,NA,"Collectable Minifigures","7",NA,"Ages_5+","1","Foil pack","NA","Retail","Small"
"1125","71034","Nutcracker",NA,2022,NA,NA,"Collectable Minifigures","8",NA,"Ages_5+","1","Foil pack","NA","Retail","Small"
"1126","71360","Adventures with Mario",NA,2020,NA,"113","Super Mario","231",NA,"Ages_6+","3,","Box","NA","Retail","Small"
"1127","71361","Paragoomba",NA,2020,NA,NA,"Super Mario","NA",NA,"Ages_NA","1","Foil pack","NA","Retail","Small"
"1128","71362","Guarded Fortress",NA,2020,NA,"193","Super Mario","468",NA,"Ages_8+","3,","Box","NA","Retail","Small"
"1129","71363","Desert Pokey",NA,2020,NA,"70","Super Mario","180",NA,"Ages_NA","2,","Box","NA","Retail","Small"
"1130","71364","Whomp's Lava Trouble",NA,2020,NA,"56","Super Mario","133",NA,"Ages_NA","2,","Box","NA","Retail","Small"
"1131","71365","Piranha Plant Power Slide",NA,2020,NA,"78","Super Mario","217",NA,"Ages_NA","4,","Box","NA","Retail","Small"
"1132","71366","Boomer Bill Barrage",NA,2020,NA,"70","Super Mario","132",NA,"Ages_7+","4,","Box","NA","Retail","Small"
"1133","71367","Mario's House & Yoshi",NA,2020,NA,"114","Super Mario","205",NA,"Ages_NA","2,","Box","NA","Retail","Small"
"1134","71368","Toad's Treasure Hunt",NA,2020,NA,"196","Super Mario","464",NA,"Ages_8+","5,","Box","NA","Retail","Small"
"1135","71369","Bowser's Castle Boss Battle",NA,2020,NA,"346","Super Mario","1010",NA,"Ages_8+","4,","Box","NA","Retail","Small"
"1136","71370","Fire Mario Power-Up Pack ",NA,2020,NA,"9","Super Mario","11",NA,"Ages_NA",NA,"Box","NA","Retail","Small"
"1137","71371","Propeller Mario Power-Up Pack",NA,2020,NA,"11","Super Mario","13",NA,"Ages_NA",NA,"Box","NA","Retail","Small"
"1138","71372","Cat Mario Power-Up Pack",NA,2020,NA,"9","Super Mario","11",NA,"Ages_NA",NA,"Box","NA","Retail","Small"
"1139","71373","Builder Mario Power-Up Pack",NA,2020,NA,"8","Super Mario","10",NA,"Ages_NA",NA,"Box","NA","Retail","Small"
"1140","71374","Nintendo Entertainment System",NA,2020,NA,"516","Super Mario","2646",NA,"Ages_18+","1,","Box","NA","LEGO exclusive","Small"
"1141","71376","Thwomp Drop",NA,2020,NA,"159","Super Mario","393",NA,"Ages_8+","3,","Box","NA","Retail - limited","Small"
"1142","71377","King Boo and the Haunted Yard",NA,2020,NA,"144","Super Mario","431",NA,"Ages_8+","7,","Box","NA","Retail - limited","Small"
"1143","71380","Master Your Adventure","-",2021,NA,"173","Super Mario","366",NA,"Ages_NA","4,","Box","NA","Retail","Small"
"1144","71381","Chain Chomp Jungle Encounter","426.37 Kr",2021,NA,"76","Super Mario","160",NA,"Ages_7+","2,","Box","NA","Retail","Small"
"1145","71382","Piranha Plant Puzzling Challenge","264.05 Kr*",2021,NA,"74","Super Mario","267",NA,"Ages_7+","3,","Box","NA","Retail","Small"
"1146","71383","Wiggler's Poison Swamp","-",2021,NA,"136","Super Mario","374",NA,"Ages_7+","3,","Box","NA","Retail","Small"
"1147","71384","Penguin Mario Power-Up Pack","-",2021,NA,"12","Super Mario","18",NA,"Ages_NA",NA,"Box","NA","Retail","Small"
"1148","71385","Tanooki Mario Power-Up Pack","-",2021,NA,"9","Super Mario","13",NA,"Ages_NA",NA,"Box","NA","Retail","Small"
"1149","71386","Huckit Crab","-",2021,NA,NA,"Super Mario","NA",NA,"Ages_NA","1","Foil pack","NA","Retail","Small"
"1150","71387","Adventures with Luigi",NA,2021,NA,"151","Super Mario","280",NA,"Ages_NA","4,","Box","NA","Retail","Small"
"1151","71388","Boss Sumo Bro Topple",NA,2021,NA,"112","Super Mario","231",NA,"Ages_NA","2,","Box","NA","Retail","Small"
"1152","71389","Lakitu Sky World",NA,2021,NA,"157","Super Mario","484",NA,"Ages_7+","3,","Box","NA","Retail","Small"
"1153","71390","Reznor Knockdown",NA,2021,NA,"285","Super Mario","862",NA,"Ages_8+","4,","Box","NA","Retail","Small"
"1154","71391","Bowser's Airship",NA,2021,NA,"380","Super Mario","1152",NA,"Ages_8+","3,","Box","NA","Retail","Small"
"1155","71392","Frog Mario Power-Up Pack",NA,2021,NA,"8","Super Mario","11",NA,"Ages_NA",NA,"Box","NA","Retail","Small"
"1156","71393","Bee Mario Power-Up Pack",NA,2021,NA,"9","Super Mario","13",NA,"Ages_NA",NA,"Box","NA","Retail","Small"
"1157","71394","1-Up Mushroom",NA,2021,NA,NA,"Super Mario","NA",NA,"Ages_NA","1","Foil pack","NA","Retail","Small"
"1158","71395","Super Mario 64 Question Mark Block","-",2021,NA,"524","Super Mario","2064",NA,"Ages_18+",NA,"Box","NA","LEGO exclusive","Small"
"1159","71396","Bowser Jr.'s Clown Car ","176.08 Kr*",2022,NA,"51","Super Mario","84",NA,"Ages_NA","1,","Box","NA","Retail","Small"
"1160","71397","Luigi's Mansion Lab and Poltergust","-",2022,NA,"110","Super Mario","179",NA,"Ages_NA","2,","Box","NA","Retail","Small"
"1161","71398","Dorrie's Beachfront ","-",2022,NA,"128","Super Mario","229",NA,"Ages_NA","2,","Box","NA","Retail","Small"
"1162","71399","Luigi's Mansion Entryway","-",2022,NA,"197","Super Mario","504",NA,"Ages_7+","3,","Box","NA","Retail","Small"
"1163","71400","Big Urchin Beach Ride","488.34 Kr",2022,NA,"193","Super Mario","536",NA,"Ages_7+","5,","Box","NA","Retail","Small"
"1164","71401","Luigi's Mansion Haunt-and-Seek",NA,2022,NA,"301","Super Mario","877",NA,"Ages_8+","4,","Box","NA","Retail","Small"
"1165","71402","Freezie",NA,2022,NA,NA,"Super Mario","NA",NA,"Ages_NA","1","Foil pack","NA","Retail","Small"
"1166","71403","Adventures with Peach","482.18 Kr",2022,NA,"187","Super Mario","354",NA,"Ages_NA","4,","Box","NA","Retail","Small"
"1167","71404","Goomba's Shoe","85.26 Kr",2022,NA,"47","Super Mario","76",NA,"Ages_NA","1","Box","NA","Retail","Small"
"1168","71405","Fuzzy Flippers","407.62 Kr",2022,NA,"58","Super Mario","154",NA,"Ages_NA","2,","Box","NA","Retail","Small"
"1169","71406","Yoshi's Gift House","-",2022,NA,"141","Super Mario","246",NA,"Ages_NA","2,","Box","NA","Retail","Small"
"1170","71407","Cat Peach Suit and Frozen Tower","487.53 Kr",2022,NA,"246","Super Mario","494",NA,"Ages_7+","3,","Box","NA","Retail","Small"
"1171","71408","Princess Peach's Castle","1321 Kr*",2022,NA,"474","Super Mario","1216",NA,"Ages_8+","5,","Box","NA","Retail","Small"
"1172","71409","Big Spike's Cloudtop Challenge","646.54 Kr",2022,NA,"192","Super Mario","540",NA,"Ages_7+","3,","Box","NA","Retail","Small"
"1173","71410","Red Yoshi",NA,2022,NA,NA,"Super Mario","NA",NA,"Ages_NA","1","Box with handle","NA","Retail","Small"
"1174","71411","The Mighty Bowser","2189 Kr",2022,NA,"519","Super Mario","2807",NA,"Ages_18+",NA,"Box","NA","LEGO exclusive","Small"
"1175","71412","Big Bad Island",NA,2022,NA,"168","Super Mario","354",NA,"Ages_7+","4,","Box","NA","Retail","Small"
"1176","71414",NA,"118.45 Kr",NA,NA,NA,NA,NA,NA,"Ages_NA",NA,NA,NA,NA,NA
"1177","71415",NA,"264.11 Kr",NA,NA,NA,NA,NA,NA,"Ages_NA",NA,NA,NA,NA,NA
"1178","71416",NA,"265.47 Kr",NA,NA,NA,NA,NA,NA,"Ages_NA",NA,NA,NA,NA,NA
"1179","71417",NA,"466.94 Kr",NA,NA,NA,NA,NA,NA,"Ages_NA",NA,NA,NA,NA,NA
"1180","71418",NA,"480.48 Kr",NA,NA,NA,NA,NA,NA,"Ages_NA",NA,NA,NA,NA,NA
"1181","71424",NA,"617.89 Kr",NA,NA,NA,NA,NA,NA,"Ages_NA",NA,NA,NA,NA,NA
"1182","71453",NA,"230.25 Kr",NA,NA,NA,NA,NA,NA,"Ages_NA",NA,NA,NA,NA,NA
"1183","71454",NA,"230.25 Kr",NA,NA,NA,NA,NA,NA,"Ages_NA",NA,NA,NA,NA,NA
"1184","71455",NA,"373.08 Kr",NA,NA,NA,NA,NA,NA,"Ages_NA",NA,NA,NA,NA,NA
"1185","71456",NA,"460.17 Kr",NA,NA,NA,NA,NA,NA,"Ages_NA",NA,NA,NA,NA,NA
"1186","71457",NA,"467.28 Kr",NA,NA,NA,NA,NA,NA,"Ages_NA",NA,NA,NA,NA,NA
"1187","71458",NA,"602.72 Kr",NA,NA,NA,NA,NA,NA,"Ages_NA",NA,NA,NA,NA,NA
"1188","71459",NA,"805.89 Kr",NA,NA,NA,NA,NA,NA,"Ages_NA",NA,NA,NA,NA,NA
"1189","71460",NA,"941.33 Kr",NA,NA,NA,NA,NA,NA,"Ages_NA",NA,NA,NA,NA,NA
"1190","71461",NA,"931.98 Kr",NA,NA,NA,NA,NA,NA,"Ages_NA",NA,NA,NA,NA,NA
"1191","71469",NA,"1348 Kr",NA,NA,NA,NA,NA,NA,"Ages_NA",NA,NA,NA,NA,NA
"1192","71699","Thunder Raider",NA,2020,NA,"191","Ninjago","576",NA,"Ages_8+","5,","Box","0.87Kg (1.92 lb)","Retail","Small"
"1193","71700","Jungle Raider",NA,2020,NA,"61","Ninjago","127",NA,"Ages_7+","1","Box","0.15Kg (0.33 lb)","Retail","Small"
"1194","71701","Kai's Fire Dragon",NA,2020,NA,"48","Ninjago","81",NA,"Ages_4+","2","Box","0.2Kg (0.44 lb)","Retail","Small"
"1195","71702","Golden Mech",NA,2020,NA,"172","Ninjago","489",NA,"Ages_8+","4,","Box","0.61Kg (1.34 lb)","Retail","Small"
"1196","71703","Storm Fighter Battle",NA,2020,NA,"96","Ninjago","165",NA,"Ages_4+","3","Box","0.43Kg (0.95 lb)","Retail","Small"
"1197","71704","Kai Fighter",NA,2020,NA,"174","Ninjago","513",NA,"Ages_8+","4,","Box","0.65Kg (1.43 lb)","Retail","Small"
"1198","71705","Destiny's Bounty",NA,2020,NA,"479","Ninjago","1781",NA,"Ages_9+","7,","Box","2.04Kg (4.49 lb)","Retail","Small"
"1199","71706","Cole's Speeder Car",NA,2020,NA,"32","Ninjago","52",NA,"Ages_4+","2,","Box","0.14Kg (0.31 lb)","Retail","Small"
"1200","71707","Kai's Mech Jet",NA,2020,NA,"94","Ninjago","217",NA,"Ages_7+","2","Box","0.36Kg (0.79 lb)","Retail","Small"
"1201","71708","Gamer's Market",NA,2020,NA,"133","Ninjago","218",NA,"Ages_7+","9,","Box","0.32Kg (0.7 lb)","Retail","Small"
"1202","71709","Jay and Lloyd's Velocity Racers",NA,2020,NA,"142","Ninjago","322",NA,"Ages_7+","3","Box","0.46Kg (1.01 lb)","Retail","Small"
"1203","71710","Ninja Tuner Car",NA,2020,NA,"143","Ninjago","419",NA,"Ages_8+","4,","Box","0.69Kg (1.52 lb)","Retail","Small"
"1204","71711","Jay's Cyber Dragon",NA,2020,NA,"189","Ninjago","518",NA,"Ages_8+","5,","Box","0.66Kg (1.45 lb)","Retail","Small"
"1205","71712","Empire Temple of Madness",NA,2020,NA,"267","Ninjago","810",NA,"Ages_9+","6,","Box","1.29Kg (2.84 lb)","Retail","Small"
"1206","71713","Empire Dragon",NA,2020,NA,"118","Ninjago","286",NA,"Ages_8+","3","Box","0.44Kg (0.97 lb)","Retail","Small"
"1207","71714","Kai Avatar - Arcade Pod",NA,2020,NA,"31","Ninjago","49",NA,"Ages_7+","2,","Box with backing card","0.14Kg (0.31 lb)","Retail","Small"
"1208","71715","Jay Avatar - Arcade Pod",NA,2020,NA,"28","Ninjago","47",NA,"Ages_7+","2,","Box with backing card","0.14Kg (0.31 lb)","Retail","Small"
"1209","71716","Lloyd Avatar - Arcade Pod",NA,2020,NA,"28","Ninjago","48",NA,"Ages_7+","2,","Box with backing card","0.14Kg (0.31 lb)","Retail","Small"
"1210","71717","Journey to the Skull Dungeons",NA,2020,NA,"164","Ninjago","401",NA,"Ages_7+","4","Box","0.56Kg (1.24 lb)","Retail","Small"
"1211","71718","Wu's Battle Dragon",NA,2020,NA,"110","Ninjago","321",NA,"Ages_7+","2,","Box","0.32Kg (0.7 lb)","Retail","Small"
"1212","71719","Zane's Mino Creature",NA,2020,NA,"203","Ninjago","616",NA,"Ages_8+","4,","Box","0.81Kg (1.78 lb)","Retail","Small"
"1213","71720","Fire Stone Mech",NA,2020,NA,"260","Ninjago","968",NA,"Ages_9+","5,","Box","1.03Kg (2.27 lb)","Retail","Small"
"1214","71721","Skull Sorcerer's Dragon",NA,2020,NA,"303","Ninjago","1016",NA,"Ages_9+","7,","Box","1.17Kg (2.58 lb)","Retail","Small"
"1215","71722","Skull Sorcerer's Dungeons",NA,2020,NA,"426","Ninjago","1171",NA,"Ages_9+","8,","Box","1.9Kg (4.2 lb)","Retail","Small"
"1216","71730","Epic Battle Set - Kai vs. Skulkin","-",2021,NA,"42","Ninjago","61",NA,"Ages_NA","2,","Box","NA","Retail","Small"
"1217","71731","Epic Battle Set - Zane vs. Nindroid","-",2021,NA,"38","Ninjago","57",NA,"Ages_NA","2,","Box","NA","Retail","Small"
"1218","71732","Epic Battle Set - Jay vs. Serpentine","-",2021,NA,"38","Ninjago","69",NA,"Ages_NA","2,","Box","NA","Retail","Small"
"1219","71733","Epic Battle Set - Cole vs. Ghost Warrior","216.71 Kr*",2021,NA,"37","Ninjago","51",NA,"Ages_NA","2,","Box","NA","Retail","Small"
"1220","71734","Kai's Blade Cycle","243.80 Kr*",2021,NA,"29","Ninjago","54",NA,"Ages_4+","2","Box","NA","Retail","Small"
"1221","71735","Tournament of Elements","676.47 Kr*",2021,NA,"112","Ninjago","283",NA,"Ages_NA","7,","Box","NA","Retail","Small"
"1222","71736","Boulder Blaster","-",2021,NA,"163","Ninjago","449",NA,"Ages_8+","4,","Box","NA","Retail","Small"
"1223","71737","X-1 Ninja Charger","-",2021,NA,"203","Ninjago","599",NA,"Ages_8+","5,","Box","NA","Retail","Small"
"1224","71738","Zane's Titan Mech Battle","-",2021,NA,"185","Ninjago","840",NA,"Ages_9+","4,","Box","NA","Retail","Small"
"1225","71739","Ultra Sonic Raider","-",2021,NA,"220","Ninjago","725",NA,"Ages_9+","7","Box","NA","Retail","Small"
"1226","71740","Jay's Electro Mech","236.96 Kr*",2021,NA,"59","Ninjago","106",NA,"Ages_4+","2,","Box","NA","Retail","Small"
"1227","71741","NINJAGO City Gardens","-",2021,NA,"1188","Ninjago","5685",NA,"Ages_14+","22,","Box","NA","LEGO exclusive","Small"
"1228","71742","Overlord Dragon","-",2021,NA,"120","Ninjago","372",NA,"Ages_7+","2,","Box","NA","Retail","Small"
"1229","71745","Lloyd's Jungle Chopper Bike","406.33 Kr*",2021,NA,"85","Ninjago","183",NA,"Ages_7+","3,","Box","NA","Retail","Small"
"1230","71746","Jungle Dragon","828.30 Kr",2021,NA,"158","Ninjago","506",NA,"Ages_8+","4","Box","NA","Retail","Small"
"1231","71747","The Keepers' Village","-",2021,NA,"249","Ninjago","632",NA,"Ages_8+","5,","Box","NA","Retail","Small"
"1232","71748","Catamaran Sea Battle","-",2021,NA,"258","Ninjago","780",NA,"Ages_9+","6","Box","NA","Retail","Small"
"1233","71749","Final Flight of Destiny's Bounty","-",2021,NA,"82","Ninjago","147",NA,"Ages_4+","4,","Box","NA","Retail","Small"
"1234","71750","Lloyd's Hydro Mech","371.72 Kr*",2021,NA,"106","Ninjago","228",NA,"Ages_7+","2","Box","NA","Retail","Small"
"1235","71752","Ninja Sub Speeder","-",2021,NA,"152","Ninjago","356",NA,"Ages_8+","4","Box","NA","Retail","Small"
"1236","71753","Fire Dragon Attack","-",2021,NA,"159","Ninjago","563",NA,"Ages_8+","4","Box","NA","Retail","Small"
"1237","71754","Water Dragon","665.84 Kr",2021,NA,"194","Ninjago","737",NA,"Ages_9+","5","Box","NA","Retail","Small"
"1238","71755","Temple of the Endless Sea","-",2021,NA,"309","Ninjago","1060",NA,"Ages_9+","7,","Box","NA","Retail","Small"
"1239","71756","Hydro Bounty","-",2021,NA,"321","Ninjago","1159",NA,"Ages_9+","10,","Box","NA","Retail","Small"
"1240","71757","Lloyd's Ninja Mech","192.94 Kr*",2022,NA,"34","Ninjago","57",NA,"Ages_4+","2,","Box","NA","Retail","Small"
"1241","71759","Ninja Dragon Temple","331.84 Kr",2022,NA,"72","Ninjago","161",NA,"Ages_4+","4,","Box","NA","Retail","Small"
"1242","71760","Jay's Thunder Dragon EVO","-",2022,NA,"54","Ninjago","140",NA,"Ages_NA","2,","Box","NA","Retail","Small"
"1243","71761","Zane's Power Up Mech EVO","-",2022,NA,"39","Ninjago","95",NA,"Ages_NA","2,","Box","NA","Retail","Small"
"1244","71762","Kai's Fire Dragon EVO","-",2022,NA,"90","Ninjago","204",NA,"Ages_NA","3,","Box","NA","Retail","Small"
"1245","71763","Lloyd's Race Car EVO","370.84 Kr",2022,NA,"113","Ninjago","279",NA,"Ages_NA","3","Box","NA","Retail","Small"
"1246","71764","Ninja Training Center","-",2022,NA,"186","Ninjago","524",NA,"Ages_7+","3","Box","NA","Retail","Small"
"1247","71765","Ninja Ultra Combo Mech","-",2022,NA,"279","Ninjago","1104",NA,"Ages_9+","7,","Box","NA","Retail","Small"
"1248","71766","Lloyd's Legendary Dragon","-",2022,NA,"221","Ninjago","747",NA,"Ages_8+","4","Box","NA","Retail","Small"
"1249","71767","Ninja Dojo Temple","-",2022,NA,"451","Ninjago","1394",NA,"Ages_8+","8,","Box","NA","Retail","Small"
"1250","71768","Jay's Golden Dragon Motorbike","-",2022,NA,"60","Ninjago","137",NA,"Ages_7+","2","Box","NA","Retail","Small"
"1251","71769","Cole's Dragon Cruiser","472.29 Kr",2022,NA,"136","Ninjago","384",NA,"Ages_8+","4","Box","NA","Retail","Small"
"1252","71770","Zane's Golden Dragon Jet ","345.04 Kr",2022,NA,"90","Ninjago","258",NA,"Ages_7+","3,","Box","NA","Retail","Small"
"1253","71771","The Crystal King Temple","-",2022,NA,"163","Ninjago","703",NA,"Ages_8+","6,","Box","NA","Retail","Small"
"1254","71772","The Crystal King","604.75 Kr",2022,NA,"190","Ninjago","722",NA,"Ages_9+","5,","Box","NA","Retail","Small"
"1255","71773","Kai's Golden Dragon Raider ","703.97 Kr",2022,NA,"181","Ninjago","624",NA,"Ages_8+","7,","Box","NA","Retail","Small"
"1256","71774","Lloyd's Golden Ultra Dragon ","999.64 Kr",2022,NA,"234","Ninjago","989",NA,"Ages_9+","9,","Box","NA","Retail","Small"
"1257","71775","Nya's Samurai X MECH","846.52 Kr",2022,NA,"233","Ninjago","1003",NA,"Ages_10+","8,","Box","NA","Retail","Small"
"1258","71776","Jay and Nya's Race Car EVO",NA,2022,NA,"209","Ninjago","536",NA,"Ages_7+","4,","Box","NA","Retail","Small"
"1259","71777",NA,"67.72 Kr",NA,NA,NA,NA,NA,NA,"Ages_NA",NA,NA,NA,NA,NA
"1260","71778",NA,"64.34 Kr",NA,NA,NA,NA,NA,NA,"Ages_NA",NA,NA,NA,NA,NA
"1261","71779",NA,"67.72 Kr",NA,NA,NA,NA,NA,NA,"Ages_NA",NA,NA,NA,NA,NA
"1262","71780",NA,"65.01 Kr",NA,NA,NA,NA,NA,NA,"Ages_NA",NA,NA,NA,NA,NA
"1263","71781",NA,"146.28 Kr",NA,NA,NA,NA,NA,NA,"Ages_NA",NA,NA,NA,NA,NA
"1264","71782",NA,"319.65 Kr",NA,NA,NA,NA,NA,NA,"Ages_NA",NA,NA,NA,NA,NA
"1265","71783",NA,"331.84 Kr",NA,NA,NA,NA,NA,NA,"Ages_NA",NA,NA,NA,NA,NA
"1266","71784",NA,"67.72 Kr",NA,NA,NA,NA,NA,NA,"Ages_NA",NA,NA,NA,NA,NA
"1267","71785",NA,"562.09 Kr",NA,NA,NA,NA,NA,NA,"Ages_NA",NA,NA,NA,NA,NA
"1268","71786",NA,"751.71 Kr",NA,NA,NA,NA,NA,NA,"Ages_NA",NA,NA,NA,NA,NA
"1269","71787",NA,"467.28 Kr",NA,NA,NA,NA,NA,NA,"Ages_NA",NA,NA,NA,NA,NA
"1270","71788",NA,"65.01 Kr",NA,NA,NA,NA,NA,NA,"Ages_NA",NA,NA,NA,NA,NA
"1271","71790",NA,"182.85 Kr",NA,NA,NA,NA,NA,NA,"Ages_NA",NA,NA,NA,NA,NA
"1272","71791",NA,"265.47 Kr",NA,NA,NA,NA,NA,NA,"Ages_NA",NA,NA,NA,NA,NA
"1273","71794",NA,"744.94 Kr",NA,NA,NA,NA,NA,NA,"Ages_NA",NA,NA,NA,NA,NA
"1274","71796",NA,"873.61 Kr",NA,NA,NA,NA,NA,NA,"Ages_NA",NA,NA,NA,NA,NA
"1275","71797",NA,"1348 Kr",NA,NA,NA,NA,NA,NA,"Ages_NA",NA,NA,NA,NA,NA
"1276","75263","Resistance Y-wing Microfighter",NA,2020,NA,"44","Star Wars","86",NA,"Ages_6+","1","Box","0.09Kg (0.2 lb)","Retail","Small"
"1277","75264","Kylo Ren's Shuttle Microfighter",NA,2020,NA,"40","Star Wars","72",NA,"Ages_6+","1,","Box","0.09Kg (0.2 lb)","Retail","Small"
"1278","75265","T-16 Skyhopper vs Bantha Microfighters",NA,2020,NA,"100","Star Wars","198",NA,"Ages_6+","2,","Box","0.17Kg (0.37 lb)","Retail","Small"
"1279","75266","Sith Troopers Battle Pack",NA,2020,NA,"51","Star Wars","105",NA,"Ages_NA","4,","Box","0.12Kg (0.26 lb)","Retail","Small"
"1280","75267","Mandalorian Battle Pack",NA,2020,NA,"59","Star Wars","102",NA,"Ages_6+","4,","Box","0.12Kg (0.26 lb)","Retail","Small"
"1281","75268","Snowspeeder",NA,2020,NA,"64","Star Wars","91",NA,"Ages_4+","2,","Box","0.23Kg (0.51 lb)","Retail","Small"
"1282","75269","Duel on Mustafar ",NA,2020,NA,"84","Star Wars","208",NA,"Ages_7+","2,","Box","0.28Kg (0.62 lb)","Retail","Small"
"1283","75270","Obi-Wan's Hut",NA,2020,NA,"118","Star Wars","200",NA,"Ages_7+","4,","Box","0.34Kg (0.75 lb)","Retail","Small"
"1284","75271","Luke Skywalker's Landspeeder",NA,2020,NA,"104","Star Wars","236",NA,"Ages_7+","3,","Box","0.31Kg (0.68 lb)","NA","Small"
"1285","75272","Sith TIE Fighter",NA,2020,NA,"127","Star Wars","470",NA,"Ages_9+","3,","Box","1.01Kg (2.22 lb)","Retail","Small"
"1286","75273","Poe Dameron's X-wing Fighter",NA,2020,NA,"219","Star Wars","761",NA,"Ages_9+","4,","Box","1Kg (2.2 lb)","Retail","Small"
"1287","75274","TIE Fighter Pilot Helmet",NA,2020,NA,"155","Star Wars","724",NA,"Ages_18+",NA,"Box","NA","NA","Small"
"1288","75275","A-wing Starfighter",NA,2020,NA,"355","Star Wars","1673",NA,"Ages_18+","1,","Box","NA","LEGO exclusive","Small"
"1289","75276","Stormtrooper Helmet",NA,2020,NA,"155","Star Wars","647",NA,"Ages_18+",NA,"Box","0.87Kg (1.92 lb)","NA","Small"
"1290","75277","Boba Fett Helmet",NA,2020,NA,"172","Star Wars","625",NA,"Ages_18+",NA,"Box","0.87Kg (1.92 lb)","NA","Small"
"1291","75278","D-O",NA,2020,NA,"149","Star Wars","519",NA,"Ages_10+","1","Box","0.76Kg (1.67 lb)","Retail","Small"
"1292","75279","LEGO Star Wars Advent Calendar",NA,2020,NA,"185","Star Wars","311",NA,"Ages_6+","10,","Box","0Kg (0 lb)","Retail","Small"
"1293","75280","501st Legion Clone Troopers",NA,2020,NA,"125","Star Wars","285",NA,"Ages_7+","6,","Box","0.31Kg (0.68 lb)","NA","Small"
"1294","75281","Anakin's Jedi Interceptor",NA,2020,NA,"100","Star Wars","248",NA,"Ages_7+","2,","Box","0.36Kg (0.79 lb)","Retail","Small"
"1295","75283","Armored Assault Tank (AAT)",NA,2020,NA,"121","Star Wars","286",NA,"Ages_7+","4,","Box","0Kg (0 lb)","Retail","Small"
"1296","75284","Knights of Ren Transport Ship",NA,2020,NA,"183","Star Wars","595",NA,"Ages_9+","3,","Box","0.73Kg (1.61 lb)","Retail","Small"
"1297","75286","General Grievous's Starfighter",NA,2020,NA,"139","Star Wars","487",NA,"Ages_9+","3,","Box","0.83Kg (1.83 lb)","Retail","Small"
"1298","75288","AT-AT",NA,2020,NA,"285","Star Wars","1267",NA,"Ages_10+","6,","Box","1.78Kg (3.92 lb)","Retail","Small"
"1299","75290","Mos Eisley Cantina",NA,2020,NA,"632","Star Wars","3187",NA,"Ages_18+","21,","Box","NA","LEGO exclusive","Small"
"1300","75291","Death Star Final Duel",NA,2020,NA,"241","Star Wars","775",NA,"Ages_9+","5,","Box","NA","Retail","Small"
"1301","75292","The Razor Crest",NA,2020,NA,"277","Star Wars","1023",NA,"Ages_10+","5,","Box","NA","Retail","Small"
"1302","75293","Resistance I-TS Transport",NA,2020,NA,"216","Star Wars","932",NA,"Ages_9+","4,","Box","NA","Retail","Small"
"1303","75294","Bespin Duel",NA,2020,NA,"121","Star Wars","295",NA,"Ages_18+","2","Box","NA","Retail - limited","Small"
"1304","75295","Millennium Falcon Microfighter","270.82 Kr*",2021,NA,"53","Star Wars","101",NA,"Ages_NA","1","Box","NA","Retail","Small"
"1305","75296","Darth Vader Meditation Chamber",NA,2021,NA,"157","Star Wars","663",NA,"Ages_18+","2,","Box","NA","Retail","Small"
"1306","75297","Resistance X-wing Starfighter","373.21 Kr",2021,NA,"26","Star Wars","60",NA,"Ages_4+","2,","Box","NA","Retail","Small"
"1307","75298","AT-AT vs. Tauntaun Microfighters","-",2021,NA,"88","Star Wars","205",NA,"Ages_6+","2","Box","0.19Kg (0.42 lb)","Retail","Small"
"1308","75299","Trouble on Tatooine","493.15 Kr",2021,NA,"126","Star Wars","276",NA,"Ages_7+","3","Box","NA","Retail","Small"
"1309","75300","Imperial TIE Fighter","842.86 Kr",2021,NA,"99","Star Wars","432",NA,"Ages_8+","3,","Box","NA","Retail","Small"
"1310","75301","Luke Skywalker's X-wing Fighter","-",2021,NA,"137","Star Wars","474",NA,"Ages_9+","4,","Box","0.71Kg (1.56 lb)","Retail","Small"
"1311","75302","Imperial Shuttle","-",2021,NA,"209","Star Wars","660",NA,"Ages_9+","3,","Box","NA","Retail","Small"
"1312","75303","{?}",NA,2022,NA,NA,"Star Wars","NA",NA,"Ages_NA",NA,"Box","NA","LEGO exclusive","Small"
"1313","75304","Darth Vader Helmet","-",2021,NA,"165","Star Wars","834",NA,"Ages_18+",NA,"Box","NA","Retail","Small"
"1314","75305","Scout Trooper Helmet","-",2021,NA,"132","Star Wars","471",NA,"Ages_18+",NA,"Box","NA","Retail","Small"
"1315","75306","Imperial Probe Droid","-",2021,NA,"175","Star Wars","683",NA,"Ages_18+",NA,"Box","NA","Retail","Small"
"1316","75307","LEGO Star Wars Advent Calendar","-",2021,NA,"186","Star Wars","335",NA,"Ages_NA","7,","Box","NA","Retail","Small"
"1317","75308","R2-D2","-",2021,NA,"357","Star Wars","2314",NA,"Ages_18+","1","Box","NA","LEGO exclusive","Small"
"1318","75309","Republic Gunship","-",2021,NA,"534","Star Wars","3292",NA,"Ages_18+","2,","Box","NA","LEGO exclusive","Small"
"1319","75310","Duel on Mandalore","445.47 Kr",2021,NA,"62","Star Wars","147",NA,"Ages_7+","2","Box","NA","Retail","Small"
"1320","75311","Imperial Armored Marauder","823.29 Kr",2021,NA,"144","Star Wars","478",NA,"Ages_8+","4,","Box","NA","Retail","Small"
"1321","75312","Boba Fett's Starship","440.19 Kr",2021,NA,"221","Star Wars","593",NA,"Ages_9+","2","Box","NA","Retail","Small"
"1322","75313","AT-AT","-",2021,NA,"678","Star Wars","6785",NA,"Ages_18+","9,","Box","NA","LEGO exclusive","Small"
"1323","75314","The Bad Batch Attack Shuttle","-",2021,NA,"304","Star Wars","969",NA,"Ages_9+","6,","Box","NA","Retail","Small"
"1324","75315","Imperial Light Cruiser","-",2021,NA,"291","Star Wars","1336",NA,"Ages_10+","6,","Box","NA","Retail","Small"
"1325","75316","Mandalorian Starfighter","-",2021,NA,"179","Star Wars","544",NA,"Ages_9+","3,","Box","NA","Retail","Small"
"1326","75317","The Mandalorian & The Child",NA,2020,NA,"123","BrickHeadz","295",NA,"Ages_NA",NA,"Box","NA","Retail","Small"
"1327","75318","The Child",NA,2020,NA,"189","Star Wars","1073",NA,"Ages_10+","1","Box","NA","Retail","Small"
"1328","75319","The Armorer's Mandalorian Forge",NA,2021,NA,"130","Star Wars","258",NA,"Ages_8+","3,","Box","NA","Retail","Small"
"1329","75320","Snowtrooper Battle Pack","196.33 Kr",2022,NA,"64","Star Wars","105",NA,"Ages_NA","4,","Box","NA","Retail","Small"
"1330","75321","The Razor Crest Microfighter","-",2022,NA,"50","Star Wars","98",NA,"Ages_NA","1","Box","NA","Retail","Small"
"1331","75322","Hoth AT-ST","467.28 Kr",2022,NA,"215","Star Wars","586",NA,"Ages_9+","4,","Box","NA","Retail","Small"
"1332","75323","The Justifier ","1050 Kr",2022,NA,"301","Star Wars","1022",NA,"Ages_9+","5,","Box","NA","Retail","Small"
"1333","75324","Dark Trooper Attack","264.11 Kr",2022,NA,"81","Star Wars","166",NA,"Ages_8+","4,","Box","NA","Retail","Small"
"1334","75325","The Mandalorian's N-1 Starfighter","661.57 Kr",2022,NA,"175","Star Wars","412",NA,"Ages_9+","4,","Box","NA","Retail","Small"
"1335","75326","Boba Fett's Throne Room","-",2022,NA,"259","Star Wars","732",NA,"Ages_9+","7,","Box","NA","Retail","Small"
"1336","75327","Luke Skywalker (Red Five) Helmet","535.00 Kr",2022,NA,"178","Star Wars","675",NA,"Ages_18+",NA,"Box","NA","Retail","Small"
"1337","75328","The Mandalorian Helmet","535.00 Kr",2022,NA,"139","Star Wars","584",NA,"Ages_18+",NA,"Box","NA","Retail","Small"
"1338","75329","Death Star Trench Run Diorama","662.11 Kr",2022,NA,"169","Star Wars","665",NA,"Ages_18+",NA,"Box","NA","Retail","Small"
"1339","75330","Dagobah Jedi Training Diorama","-",2022,NA,"203","Star Wars","1000",NA,"Ages_18+","3,","Box","NA","Retail","Small"
"1340","75331","The Razor Crest",NA,2022,NA,"735","Star Wars","6187",NA,"Ages_18+","4,","Box","NA","LEGO exclusive","Small"
"1341","75332","AT-ST","337.19 Kr",2022,NA,"60","Star Wars","87",NA,"Ages_4+","3,","Box","NA","Retail","Small"
"1342","75333","Obi-Wan Kenobi's Jedi Starfighter","304.75 Kr",2022,NA,"129","Star Wars","282",NA,"Ages_7+","3,","Box","NA","Retail","Small"
"1343","75334","Obi-Wan Kenobi vs. Darth Vader","372.47 Kr",2022,NA,"172","Star Wars","408",NA,"Ages_8+","4,","Box","NA","NA","Small"
"1344","75335","BD-1","994.29 Kr",2022,NA,"260","Star Wars","1062",NA,"Ages_14+","1,","Box","NA","Retail","Small"
"1345","75336","Inquisitor Transport Scythe","900.63 Kr",2022,NA,"218","Star Wars","924",NA,"Ages_9+","4,","Box","NA","Retail","Small"
"1346","75337","AT-TE Walker","1246 Kr",2022,NA,"281","Star Wars","1082",NA,"Ages_9+","9,","Box","NA","Retail","Small"
"1347","75338","Ambush on Ferrix",NA,2022,NA,"226","Star Wars","679",NA,"Ages_9+","3,","Box","NA","Retail","Small"
"1348","75339","Death Star Trash Compactor Diorama",NA,2022,NA,"177","Star Wars","802",NA,"Ages_18+","6,","Box","NA","Retail","Small"
"1349","75340","LEGO Star Wars Advent Calendar","-",2022,NA,"217","Star Wars","329",NA,"Ages_NA","8,","Box","NA","Retail","Small"
"1350","75341","Luke Skywalker's Landspeeder","-",2022,NA,"354","Star Wars","1890",NA,"Ages_18+","2,","Box","NA","LEGO exclusive","Small"
"1351","75342","Republic Fighter Tank",NA,2022,NA,"115","Star Wars","262",NA,"Ages_7+","6,","Box","NA","Retail","Small"
"1352","75343","Dark Trooper Helmet",NA,2022,NA,"144","Star Wars","693",NA,"Ages_18+",NA,"Box","NA","Retail","Small"
"1353","75344",NA,"65.01 Kr",NA,NA,NA,NA,NA,NA,"Ages_NA",NA,NA,NA,NA,NA
"1354","75345",NA,"196.39 Kr",NA,NA,NA,NA,NA,NA,"Ages_NA",NA,NA,NA,NA,NA
"1355","75346",NA,"264.11 Kr",NA,NA,NA,NA,NA,NA,"Ages_NA",NA,NA,NA,NA,NA
"1356","75347",NA,"482.18 Kr",NA,NA,NA,NA,NA,NA,"Ages_NA",NA,NA,NA,NA,NA
"1357","75348",NA,"866.77 Kr",NA,NA,NA,NA,NA,NA,"Ages_NA",NA,NA,NA,NA,NA
"1358","75349",NA,"482.18 Kr",NA,NA,NA,NA,NA,NA,"Ages_NA",NA,NA,NA,NA,NA
"1359","75350",NA,"-",NA,NA,NA,NA,NA,NA,"Ages_NA",NA,NA,NA,NA,NA
"1360","75352",NA,"751.71 Kr",NA,NA,NA,NA,NA,NA,"Ages_NA",NA,NA,NA,NA,NA
"1361","75353",NA,"678.43 Kr",NA,NA,NA,NA,NA,NA,"Ages_NA",NA,NA,NA,NA,NA
"1362","75361",NA,"-",NA,NA,NA,NA,NA,NA,"Ages_NA",NA,NA,NA,NA,NA
"1363","75363",NA,"-",NA,NA,NA,NA,NA,NA,"Ages_NA",NA,NA,NA,NA,NA
"1364","75546","Minions in Gru's Lab","-",2021,NA,"58","Minions: The Rise of Gru","87",NA,"Ages_4+","2,","Box","0.27Kg (0.59 lb)","Retail","Small"
"1365","75547","Minion Pilot in Training","-",2021,NA,"73","Minions: The Rise of Gru","119",NA,"Ages_4+","2,","Box","0.36Kg (0.79 lb)","Retail","Small"
"1366","75549","Unstoppable Bike Chase",NA,2020,NA,"79","Minions: The Rise of Gru","136",NA,"Ages_NA","3,","Box","0.23Kg (0.51 lb)","Retail","Small"
"1367","75550","Minions Kung Fu Battle","504.53 Kr*",2021,NA,"122","Minions: The Rise of Gru","310",NA,"Ages_NA","3,","Box","0.42Kg (0.93 lb)","Retail","Small"
"1368","75551","Brick-built Minions and their Lair",NA,2020,NA,"180","Minions: The Rise of Gru","876",NA,"Ages_8+","3,","Box","0.97Kg (2.14 lb)","Retail","Small"
"1369","75571","Neytiri & Thanator vs. AMP Suit Quaritch","356.62 Kr",2022,NA,"200","Avatar","560",NA,"Ages_9+","2,","Box","NA","Retail","Small"
"1370","75572","Jake & Neytiri's First Banshee Flight","460.51 Kr",2022,NA,"204","Avatar","572",NA,"Ages_9+","2,","Box","NA","Retail","Small"
"1371","75573","Floating Mountains: Site 26 & RDA Samson","636.11 Kr",2022,NA,"311","Avatar","887",NA,"Ages_9+","5,","Box","NA","Retail","Small"
"1372","75574","Toruk Makto & Tree of Souls","1270 Kr",2022,NA,"302","Avatar","1212",NA,"Ages_12+","4,","Box","NA","Retail","Small"
"1373","75575",NA,"236.96 Kr",NA,NA,NA,NA,NA,NA,"Ages_NA",NA,NA,NA,NA,NA
"1374","75576",NA,"-",NA,NA,NA,NA,NA,NA,"Ages_NA",NA,NA,NA,NA,NA
"1375","75577",NA,"-",NA,NA,NA,NA,NA,NA,"Ages_NA",NA,NA,NA,NA,NA
"1376","75578",NA,"616.20 Kr",NA,NA,NA,NA,NA,NA,"Ages_NA",NA,NA,NA,NA,NA
"1377","75579",NA,"744.87 Kr",NA,NA,NA,NA,NA,NA,"Ages_NA",NA,NA,NA,NA,NA
"1378","75939","Dr. Wu's Lab: Baby Dinosaurs Breakout",NA,2020,NA,"100","Jurassic World","164",NA,"Ages_NA","2","Box","0.28Kg (0.62 lb)","Retail","Small"
"1379","75940","Gallimimus and Pteranodon Breakout",NA,2020,NA,"170","Jurassic World","391",NA,"Ages_7+","3","Box","0.78Kg (1.72 lb)","Retail","Small"
"1380","75941","Indominus rex vs. Ankylosaurus",NA,2020,NA,"216","Jurassic World","537",NA,"Ages_8+","5,","Box","1.25Kg (2.75 lb)","Retail","Small"
"1381","75942","Velociraptor: Biplane Rescue Mission",NA,2020,NA,"72","Jurassic World","101",NA,"Ages_4+","2","Box","0.28Kg (0.62 lb)","Retail","Small"
"1382","75966","Hogwarts Room of Requirement",NA,2020,NA,"90","Harry Potter","193",NA,"Ages_7+","4,","Box","0.3Kg (0.66 lb)","Retail","Small"
"1383","75967","Forbidden Forest: Umbridge's Encounter",NA,2020,NA,"121","Harry Potter","253",NA,"Ages_8+","5,","Box","0.37Kg (0.81 lb)","Retail","Small"
"1384","75968","4 Privet Drive",NA,2020,NA,"255","Harry Potter","797",NA,"Ages_8+","6,","Box","0.92Kg (2.03 lb)","Retail","Small"
"1385","75969","Hogwarts Astronomy Tower",NA,2020,NA,"310","Harry Potter","971",NA,"Ages_9+","8,","Box","1.45Kg (3.19 lb)","Retail","Small"
"1386","75978","Diagon Alley",NA,2020,NA,"1067","Harry Potter","5544",NA,"Ages_16+","17,","Box","NA","LEGO exclusive","Small"
"1387","75979","Hedwig",NA,2020,NA,"166","Harry Potter","630",NA,"Ages_10+","1,","Box","NA","Retail","Small"
"1388","75980","Attack on the Burrow",NA,2020,NA,"383","Harry Potter","1047",NA,"Ages_9+","8,","Box","NA","Retail","Small"
"1389","75981","LEGO Harry Potter Advent Calendar",NA,2020,NA,"196","Harry Potter","335",NA,"Ages_7+","6,","Box","0Kg (0 lb)","Retail","Small"
"1390","76140","Iron Man Mech",NA,2020,NA,"61","Marvel Super Heroes","148",NA,"Ages_6+","1","Box","0.16Kg (0.35 lb)","Retail","Small"
"1391","76141","Thanos Mech",NA,2020,NA,"62","Marvel Super Heroes","152",NA,"Ages_6+","1,","Box","0.16Kg (0.35 lb)","Retail","Small"
"1392","76142","Avengers Speeder Bike Attack",NA,2020,NA,"97","Marvel Super Heroes","226",NA,"Ages_6+","3,","Box","0.28Kg (0.62 lb)","Retail","Small"
"1393","76143","Avengers Truck Take-down",NA,2020,NA,"164","Marvel Super Heroes","477",NA,"Ages_7+","4,","Box","0.57Kg (1.26 lb)","Retail","Small"
"1394","76145","Eternals' Aerial Assault","61.09 Kr",2021,NA,"46","Marvel Super Heroes","133",NA,"Ages_7+","2,","Box","0Kg (0 lb)","Retail","Small"
"1395","76146","Spider-Man Mech",NA,2020,NA,"62","Marvel Super Heroes","152",NA,"Ages_6+","1","Box","0.16Kg (0.35 lb)","Retail","Small"
"1396","76147","Vulture's Trucker Robbery",NA,2020,NA,"62","Marvel Super Heroes","93",NA,"Ages_4+","3,","Box","0.3Kg (0.66 lb)","Retail","Small"
"1397","76148","Spider-Man vs. Doc Ock",NA,2020,NA,"80","Marvel Super Heroes","234",NA,"Ages_6+","3,","Box","0.3Kg (0.66 lb)","Retail","Small"
"1398","76149","The Menace of Mysterio",NA,2020,NA,"97","Marvel Super Heroes","163",NA,"Ages_4+","3,","Box","0.44Kg (0.97 lb)","Retail","Small"
"1399","76150","Spiderjet vs. Venom Mech",NA,2020,NA,"136","Marvel Super Heroes","371",NA,"Ages_7+","3,","Box","0.52Kg (1.15 lb)","Retail","Small"
"1400","76151","Venomosaurus Ambush",NA,2020,NA,"242","Marvel Super Heroes","640",NA,"Ages_8+","5,","Box","0.85Kg (1.87 lb)","Retail","Small"
"1401","76152","Avengers Wrath of Loki",NA,2020,NA,"136","Marvel Super Heroes","223",NA,"Ages_4+","5,","Box","0.7Kg (1.54 lb)","Retail","Small"
"1402","76153","Avengers Helicarrier",NA,2020,NA,"355","Marvel Super Heroes","1244",NA,"Ages_9+","8,","Box","1.65Kg (3.63 lb)","Retail","Small"
"1403","76154","Deviant Ambush!","182.85 Kr",2021,NA,"75","Marvel Super Heroes","197",NA,"Ages_NA","3,","Box","0Kg (0 lb)","Retail","Small"
"1404","76155","In Arishem's Shadow","602.72 Kr*",2021,NA,"152","Marvel Super Heroes","493",NA,"Ages_7+","4,","Box","0Kg (0 lb)","Retail","Small"
"1405","76156","Rise of the Domo","-",2021,NA,"256","Marvel Super Heroes","1040",NA,"Ages_NA","6,","Box","0Kg (0 lb)","Retail","Small"
"1406","76157","Wonder Woman vs. Cheetah",NA,2020,NA,"130","DC Comics Super Heroes","371",NA,"Ages_8+","3,","Box","0.6Kg (1.32 lb)","Retail","Small"
"1407","76158","Batboat The Penguin Pursuit!",NA,2020,NA,"41","DC Comics Super Heroes","54",NA,"Ages_4+","2,","Box","0.16Kg (0.35 lb)","Retail","Small"
"1408","76159","Joker's Trike Chase",NA,2020,NA,"181","DC Comics Super Heroes","440",NA,"Ages_7+","4","Box","0.68Kg (1.5 lb)","Retail","Small"
"1409","76160","Mobile Bat Base",NA,2020,NA,"275","DC Comics Super Heroes","743",NA,"Ages_8+","6,","Box","1.23Kg (2.71 lb)","Retail","Small"
"1410","76161","1989 Batwing",NA,2020,NA,"325","DC Comics Super Heroes","2363",NA,"Ages_18+","3,","Box","NA","LEGO exclusive","Small"
"1411","76162","Black Widow's Helicopter Chase",NA,2020,NA,"125","Marvel Super Heroes","271",NA,"Ages_NA","3,","Box","NA","Retail - limited","Small"
"1412","76163","Venom Crawler",NA,2020,NA,"132","Marvel Super Heroes","413",NA,"Ages_NA","3,","NA","NA","NA","Small"
"1413","76164","Iron Man Hulkbuster versus A.I.M. Agent",NA,2020,NA,"144","Marvel Super Heroes","456",NA,"Ages_8+","4,","Box","0.49Kg (1.08 lb)","Retail","Small"
"1414","76165","Iron Man Helmet",NA,2020,NA,"123","Marvel Super Heroes","480",NA,"Ages_18+",NA,"Box","0.73Kg (1.61 lb)","Retail","Small"
"1415","76166","Avengers Tower Battle",NA,2020,NA,"250","Marvel Super Heroes","685",NA,"Ages_8+","7,","Box","1.23Kg (2.71 lb)","Retail","Small"
"1416","76167","Iron Man Armory",NA,2020,NA,"112","Marvel Super Heroes","258",NA,"Ages_7+","5,","Box","NA","Retail","Small"
"1417","76168","Captain America Mech Armor","-",2021,NA,"55","Marvel Super Heroes","121",NA,"Ages_7+","1,","Box","NA","Retail","Small"
"1418","76169","Thor Mech Armor","-",2021,NA,"67","Marvel Super Heroes","139",NA,"Ages_7+","1,","Box","NA","Retail","Small"
"1419","76170","Iron Man vs. Thanos","-",2021,NA,"51","Marvel Super Heroes","103",NA,"Ages_4+","2","Box","NA","Retail","Small"
"1420","76171","Miles Morales Mech Armor","566.02 Kr",2021,NA,"61","Marvel Super Heroes","125",NA,"Ages_7+","1","Box","NA","Retail","Small"
"1421","76172","Spider-Man and Sandman Showdown","-",2021,NA,"28","Marvel Super Heroes","45",NA,"Ages_4+","2","Box","NA","Retail","Small"
"1422","76173","Spider-Man and Ghost Rider vs. Carnage","-",2021,NA,"82","Marvel Super Heroes","212",NA,"Ages_7+","3,","Box","NA","Retail","Small"
"1423","76174","Spider-Man's Monster Truck vs. Mysterio","-",2021,NA,"137","Marvel Super Heroes","439",NA,"Ages_8+","4,","Box","NA","Retail","Small"
"1424","76175","Attack on the Spider Lair","-",2021,NA,"178","Marvel Super Heroes","466",NA,"Ages_8+","6,","Box","NA","Retail","Small"
"1425","76176","Escape from The Ten Rings","-",2021,NA,"130","Marvel Super Heroes","321",NA,"Ages_7+","4,","Box","NA","Retail","Small"
"1426","76177","Battle at the Ancient Village","-",2021,NA,"123","Marvel Super Heroes","400",NA,"Ages_8+","4,","Box","NA","Retail","Small"
"1427","76178","Daily Bugle",NA,2021,NA,"682","Marvel Super Heroes","3772",NA,"Ages_18+","25,","Box","NA","LEGO exclusive","Small"
"1428","76179","Batman & Selina Kyle Motorcycle Pursuit","-",2022,NA,"83","DC Comics Super Heroes","149",NA,"Ages_NA","2","Box","NA","Retail","Small"
"1429","76180","Batman vs. The Joker: Batmobile Chase","622.43 Kr",2021,NA,"86","DC Comics Super Heroes","136",NA,"Ages_4+","3","Box","NA","Retail","Small"
"1430","76181","Batmobile: The Penguin Chase","265.47 Kr",2022,NA,"138","DC Comics Super Heroes","392",NA,"Ages_8+","2,","Box","NA","Retail","Small"
"1431","76182","Batman Cowl","1009 Kr*",2021,NA,"121","DC Comics Super Heroes","410",NA,"Ages_18+",NA,"Box","NA","Retail","Small"
"1432","76183","Batcave: The Riddler Face-Off","-",2022,NA,"196","DC Comics Super Heroes","581",NA,"Ages_8+","6,","Box","NA","Retail","Small"
"1433","76184","Spider-Man vs. Mysterio's Drone Attack","275.97 Kr*",2021,NA,"48","Marvel Super Heroes","73",NA,"Ages_4+","3,","Box","NA","Retail","Small"
"1434","76185","Spider-Man at the Sanctum Workshop","-",2021,NA,"170","Marvel Super Heroes","355",NA,"Ages_7+","4,","Box","NA","Retail","Small"
"1435","76186","Black Panther Dragon Flyer","263.71 Kr",2021,NA,"88","Marvel Super Heroes","202",NA,"Ages_8+","3","Box","NA","Retail","Small"
"1436","76187","Venom","927.85 Kr",2021,NA,"157","Marvel Super Heroes","565",NA,"Ages_18+",NA,"Box","NA","Retail","Small"
"1437","76188","Batman Classic TV Series Batmobile",NA,2021,NA,"125","DC Comics Super Heroes","345",NA,"Ages_7+","2,","Box","NA","Retail","Small"
"1438","76189","Captain America and Hydra Face-Off","128.60 Kr*",2021,NA,"32","Marvel Super Heroes","49",NA,"Ages_4+","2,","Box","NA","Retail","Small"
"1439","76190","Iron Man: Iron Monger Mayhem","622.02 Kr",2021,NA,"156","Marvel Super Heroes","479",NA,"Ages_9+","3,","Box","NA","Retail","Small"
"1440","76191","Infinity Gauntlet","-",2021,NA,"146","Marvel Super Heroes","590",NA,"Ages_18+",NA,"Box","NA","Retail","Small"
"1441","76192","Avengers: Endgame Final Battle","-",2021,NA,"255","Marvel Super Heroes","527",NA,"Ages_8+","8,","Box","NA","Retail","Small"
"1442","76193","The Guardians' Ship","981.96 Kr",2021,NA,"376","Marvel Super Heroes","1901",NA,"Ages_14+","6,","Box","NA","Retail","Small"
"1443","76194","Tony Stark's Sakaarian Iron Man","535.88 Kr",2021,NA,"154","Marvel Super Heroes","369",NA,"Ages_8+","3,","Box","NA","Retail","Small"
"1444","76195","Spider-Man's Drone Duel","-",2021,NA,"91","Marvel Super Heroes","198",NA,"Ages_7+","2,","Box","NA","Retail","Small"
"1445","76196","The Avengers Advent Calendar",NA,2021,NA,"187","Marvel Super Heroes","298",NA,"Ages_7+","8,","Box","NA","Retail","Small"
"1446","76198","Spider-Man & Doctor Octopus Mech Battle",NA,2021,NA,"104","Marvel Super Heroes","305",NA,"Ages_7+","2,","Box","NA","Retail","Small"
"1447","76199","Carnage",NA,2021,NA,"158","Marvel Super Heroes","546",NA,"Ages_18+",NA,"Box","NA","Retail - limited","Small"
"1448","76200","Bro Thor's New Asgard",NA,2021,NA,"122","Marvel Super Heroes","265",NA,"Ages_7+","3,","Box","NA","Retail","Small"
"1449","76201","Captain Carter & The Hydra Stomper",NA,2021,NA,"122","Marvel Super Heroes","343",NA,"Ages_8+","3,","Box","NA","Retail","Small"
"1450","76202","Wolverine Mech Armor","-",2022,NA,"54","Marvel Super Heroes","141",NA,"Ages_7+","1,","Box","NA","Retail","Small"
"1451","76203","Iron Man Mech Armor","-",2022,NA,"54","Marvel Super Heroes","130",NA,"Ages_7+","1,","Box","NA","Retail","Small"
"1452","76204","Black Panther Mech Armor","-",2022,NA,"46","Marvel Super Heroes","124",NA,"Ages_7+","1","Box","NA","Retail","Small"
"1453","76205","Gargantos Showdown","-",2022,NA,"85","Marvel Super Heroes","264",NA,"Ages_8+","3,","Box","NA","Retail","Small"
"1454","76206","Iron Man Figure","552.13 Kr",2022,NA,"113","Marvel Super Heroes","381",NA,"Ages_9+",NA,"Box","NA","Retail","Small"
"1455","76207","Attack on New Asgard","155.42 Kr",2022,NA,"60","Marvel Super Heroes","159",NA,"Ages_7+","3","Box","NA","Retail","Small"
"1456","76208","The Goat Boat","-",2022,NA,"187","Marvel Super Heroes","564",NA,"Ages_8+","5,","Box","NA","Retail","Small"
"1457","76209","Thor's Hammer","1036 Kr",2022,NA,"128","Marvel Super Heroes","979",NA,"Ages_18+","1","Box","NA","Retail - limited","Small"
"1458","76210","Hulkbuster",NA,2022,NA,"561","Marvel Super Heroes","4049",NA,"Ages_18+","1,","Box","NA","LEGO exclusive","Small"
"1459","76211","Shuri's Sunbird","379.17 Kr",2022,NA,"125","Marvel Super Heroes","355",NA,"Ages_8+","4,","Box","NA","Retail","Small"
"1460","76212","Shuri's Lab","88.04 Kr",2022,NA,"36","Marvel Super Heroes","58",NA,"Ages_4+","2,","Box","NA","Retail","Small"
"1461","76213","King Namor's Throne Room","168.49 Kr",2022,NA,"134","Marvel Super Heroes","355",NA,"Ages_7+","3","Box","NA","Retail","Small"
"1462","76214","Black Panther: War on the Water",NA,2022,NA,"168","Marvel Super Heroes","545",NA,"Ages_8+","5,","Box","NA","Retail","Small"
"1463","76215","Black Panther",NA,2022,NA,"307","Marvel Super Heroes","2961",NA,"Ages_18+",NA,"Box","NA","LEGO exclusive","Small"
"1464","76216","Iron Man Armory","602.72 Kr",2022,NA,"180","Marvel Super Heroes","496",NA,"Ages_7+","8,","Box","NA","Retail","Small"
"1465","76217","I am Groot","482.18 Kr",2022,NA,"125","Marvel Super Heroes","476",NA,"Ages_10+",NA,"Box","NA","Retail","Small"
"1466","76218","Sanctum Sanctorum","-",2022,NA,"535","Marvel Super Heroes","2708",NA,"Ages_18+","9,","Box","NA","Retail","Small"
"1467","76219","Spider-Man & Green Goblin Mech Battle","-",2022,NA,"99","Marvel Super Heroes","296",NA,"Ages_7+","2","Box","NA","Retail","Small"
"1468","76220","Batman versus Harley Quinn","130.03 Kr",2022,NA,"30","DC Comics Super Heroes","42",NA,"Ages_4+","2,","Box","NA","Retail","Small"
"1469","76223","Nano Gauntlet","602.65 Kr",2022,NA,"174","Marvel Super Heroes","675",NA,"Ages_18+",NA,"Box","NA","Retail","Small"
"1470","76224",NA,"494.30 Kr",NA,NA,NA,NA,NA,NA,"Ages_NA",NA,NA,NA,NA,NA
"1471","76225","Miles Morales Figure","351.34 Kr",2022,NA,"83","Marvel Super Heroes","238",NA,"Ages_8+",NA,"Box","NA","Retail","Small"
"1472","76226","Spider-Man Figure","336.85 Kr",2022,NA,"95","Marvel Super Heroes","258",NA,"Ages_8+",NA,"Box","NA","Retail","Small"
"1473","76230","Venom Figure","-",2022,NA,"100","Marvel Super Heroes","297",NA,"Ages_8+",NA,"Box","NA","Retail","Small"
"1474","76231","Guardians of the Galaxy Advent Calendar","-",2022,NA,"172","Marvel Super Heroes","268",NA,"Ages_NA","6,","Box","NA","Retail","Small"
"1475","76237","Sanctuary II: Endgame Battle","615.86 Kr",2021,NA,"125","Marvel Super Heroes","322",NA,"Ages_7+","3,","Box","NA","Retail","Small"
"1476","76238","Classic TV Series Batman Cowl",NA,2021,NA,"109","DC Comics Super Heroes","372",NA,"Ages_18+",NA,"Box","NA","Retail","Small"
"1477","76239","Batmobile Tumbler: Scarecrow Showdown","-",2021,NA,"137","DC Comics Super Heroes","422",NA,"Ages_8+","2,","Box","NA","Retail","Small"
"1478","76240","Batmobile Tumbler","2025 Kr",2021,NA,"351","DC Comics Super Heroes","2049",NA,"Ages_18+","2,","Box","NA","LEGO exclusive","Small"
"1479","76241",NA,"130.03 Kr",NA,NA,NA,NA,NA,NA,"Ages_NA",NA,NA,NA,NA,NA
"1480","76242",NA,"128.67 Kr",NA,NA,NA,NA,NA,NA,"Ages_NA",NA,NA,NA,NA,NA
"1481","76243",NA,"101.58 Kr",NA,NA,NA,NA,NA,NA,"Ages_NA",NA,NA,NA,NA,NA
"1482","76244",NA,"236.96 Kr",NA,NA,NA,NA,NA,NA,"Ages_NA",NA,NA,NA,NA,NA
"1483","76245",NA,"169.30 Kr",NA,NA,NA,NA,NA,NA,"Ages_NA",NA,NA,NA,NA,NA
"1484","76247",NA,"406.26 Kr",NA,NA,NA,NA,NA,NA,"Ages_NA",NA,NA,NA,NA,NA
"1485","76248",NA,"941.33 Kr",NA,NA,NA,NA,NA,NA,"Ages_NA",NA,NA,NA,NA,NA
"1486","76253",NA,"108.36 Kr",NA,NA,NA,NA,NA,NA,"Ages_NA",NA,NA,NA,NA,NA
"1487","76254",NA,"270.82 Kr",NA,NA,NA,NA,NA,NA,"Ages_NA",NA,NA,NA,NA,NA
"1488","76255",NA,"805.89 Kr",NA,NA,NA,NA,NA,NA,"Ages_NA",NA,NA,NA,NA,NA
"1489","76257",NA,"265.47 Kr",NA,NA,NA,NA,NA,NA,"Ages_NA",NA,NA,NA,NA,NA
"1490","76258",NA,"265.47 Kr",NA,NA,NA,NA,NA,NA,"Ages_NA",NA,NA,NA,NA,NA
"1491","76259",NA,"304.75 Kr",NA,NA,NA,NA,NA,NA,"Ages_NA",NA,NA,NA,NA,NA
"1492","76260",NA,"-",NA,NA,NA,NA,NA,NA,"Ages_NA",NA,NA,NA,NA,NA
"1493","76262",NA,"2025 Kr",NA,NA,NA,NA,NA,NA,"Ages_NA",NA,NA,NA,NA,NA
"1494","76382","Hogwarts Moment: Transfiguration Class","473.71 Kr*",2021,NA,"84","Harry Potter","241",NA,"Ages_8+","3,","Box","NA","Retail","Small"
"1495","76383","Hogwarts Moment: Potions Class","473.71 Kr*",2021,NA,"120","Harry Potter","271",NA,"Ages_8+","3,","Box","NA","Retail","Small"
"1496","76384","Hogwarts Moment: Herbology Class","-",2021,NA,"104","Harry Potter","233",NA,"Ages_8+","3,","Box","NA","Retail","Small"
"1497","76385","Hogwarts Moment: Charms Class","562.50 Kr",2021,NA,"111","Harry Potter","256",NA,"Ages_8+","3,","Box","NA","Retail","Small"
"1498","76386","Hogwarts: Polyjuice Potion Mistake","-",2021,NA,"106","Harry Potter","217",NA,"Ages_7+","4,","Box","NA","Retail","Small"
"1499","76387","Hogwarts: Fluffy Encounter","-",2021,NA,"173","Harry Potter","397",NA,"Ages_8+","4,","Box","NA","Retail","Small"
"1500","76388","Hogsmeade Village Visit","-",2021,NA,"290","Harry Potter","851",NA,"Ages_8+","7,","Box","NA","Retail","Small"
"1501","76389","Hogwarts Chamber of Secrets","-",2021,NA,"367","Harry Potter","1176",NA,"Ages_9+","11,","Box","NA","Retail","Small"
"1502","76390","LEGO Harry Potter Advent Calendar",NA,2021,NA,"142","Harry Potter","274",NA,"Ages_7+","6,","Box","NA","Retail","Small"
"1503","76391","Hogwarts Icons - Collectors' Edition",NA,2021,NA,"505","Harry Potter","3010",NA,"Ages_18+","3,","Box","NA","LEGO exclusive","Small"
"1504","76392","Hogwarts Wizard's Chess",NA,2021,NA,"125","Harry Potter","876",NA,"Ages_10+","4,","Box","NA","Retail - limited","Small"
"1505","76393","Harry Potter & Hermione Granger",NA,2021,NA,"231","Harry Potter","1673",NA,"Ages_10+",NA,"Box","NA","Retail - limited","Small"
"1506","76394","Fawkes, Dumbledore's Phoenix",NA,2021,NA,"198","Harry Potter","597",NA,"Ages_10+","1,","Box","NA","Retail - limited","Small"
"1507","76395","Hogwarts: First Flying Lesson","-",2021,NA,"116","Harry Potter","264",NA,"Ages_7+","5,","Box","NA","Retail - limited","Small"
"1508","76396","Hogwarts Moment: Divination Class","325.06 Kr*",2022,NA,"109","Harry Potter","297",NA,"Ages_8+","3,","Box","NA","Retail","Small"
"1509","76397","Hogwarts Moment: Defence Against the Dark Arts Class","-",2022,NA,"115","Harry Potter","257",NA,"Ages_8+","4,","Box","NA","Retail","Small"
"1510","76398","Hogwarts Hospital Wing","483.94 Kr",2022,NA,"156","Harry Potter","510",NA,"Ages_8+","4,","Box","NA","Retail","Small"
"1511","76399","Hogwarts Magical Trunk","-",2022,NA,"224","Harry Potter","603",NA,"Ages_8+","1","Box","NA","Retail","Small"
"1512","76400","Hogwarts Carriage and Thestrals","-",2022,NA,"66","Harry Potter","121",NA,"Ages_7+","2,","Box","NA","Retail","Small"
"1513","76401","Hogwarts Courtyard: Sirius's Rescue","-",2022,NA,"130","Harry Potter","345",NA,"Ages_8+","3,","Box","NA","Retail","Small"
"1514","76402","Hogwarts: Dumbledore's Office","784.15 Kr",2022,NA,"235","Harry Potter","654",NA,"Ages_8+","6,","Box","NA","Retail","Small"
"1515","76403","The Ministry of Magic","888.71 Kr",2022,NA,"242","Harry Potter","990",NA,"Ages_9+","10,","Box","NA","Retail","Small"
"1516","76404","LEGO Harry Potter Advent Calendar","-",2022,NA,"192","Harry Potter","334",NA,"Ages_7+","8,","Box","NA","Retail","Small"
"1517","76405","Hogwarts Express - Collectors' Edition",NA,2022,NA,"776","Harry Potter","5129",NA,"Ages_18+","20,","Box","NA","LEGO exclusive","Small"
"1518","76406","Hungarian Horntail Dragon","-",2022,NA,"194","Harry Potter","671",NA,"Ages_10+","1,","Box","NA","Retail","Small"
"1519","76407","The Shrieking Shack & Whomping Willow","855.19 Kr",2022,NA,"294","Harry Potter","777",NA,"Ages_9+","7,","Box","NA","Retail","Small"
"1520","76408","12 Grimmauld Place","-",2022,NA,"286","Harry Potter","1083",NA,"Ages_8+","9,","Box","NA","Retail","Small"
"1521","76409",NA,"264.11 Kr",NA,NA,NA,NA,NA,NA,"Ages_NA",NA,NA,NA,NA,NA
"1522","76410",NA,"264.11 Kr",NA,NA,NA,NA,NA,NA,"Ages_NA",NA,NA,NA,NA,NA
"1523","76411",NA,"264.11 Kr",NA,NA,NA,NA,NA,NA,"Ages_NA",NA,NA,NA,NA,NA
"1524","76412",NA,"264.11 Kr",NA,NA,NA,NA,NA,NA,"Ages_NA",NA,NA,NA,NA,NA
"1525","76413",NA,"396.17 Kr",NA,NA,NA,NA,NA,NA,"Ages_NA",NA,NA,NA,NA,NA
"1526","76414",NA,"609.49 Kr",NA,NA,NA,NA,NA,NA,"Ages_NA",NA,NA,NA,NA,NA
"1527","76415",NA,"730.85 Kr",NA,NA,NA,NA,NA,NA,"Ages_NA",NA,NA,NA,NA,NA
"1528","76416",NA,"609.49 Kr",NA,NA,NA,NA,NA,NA,"Ages_NA",NA,NA,NA,NA,NA
"1529","76420",NA,"360.28 Kr",NA,NA,NA,NA,NA,NA,"Ages_NA",NA,NA,NA,NA,NA
"1530","76421",NA,"265.47 Kr",NA,NA,NA,NA,NA,NA,"Ages_NA",NA,NA,NA,NA,NA
"1531","76830","Zyclops Chase","151.36 Kr",2022,NA,"60","Disney","87",NA,"Ages_4+","2,","Box","NA","Retail","Small"
"1532","76831","Zurg Battle","304.61 Kr",2022,NA,"107","Disney","261",NA,"Ages_7+","2,","Box","NA","Retail","Small"
"1533","76832","XL-15 Spaceship","-",2022,NA,"199","Disney","497",NA,"Ages_8+","3,","Box","NA","Retail","Small"
"1534","76895","Ferrari F8 Tributo",NA,2020,NA,"92","Speed Champions","275",NA,"Ages_7+","1,","Box","0.32Kg (0.7 lb)","Retail","Small"
"1535","76896","Nissan GT-R NISMO",NA,2020,NA,"101","Speed Champions","298",NA,"Ages_7+","1,","Box","0.34Kg (0.75 lb)","Retail","Small"
"1536","76897","1985 Audi Sport Quattro S1",NA,2020,NA,"102","Speed Champions","250",NA,"Ages_7+","1,","Box","0.31Kg (0.68 lb)","Retail","Small"
"1537","76898","Formula E Panasonic Jaguar Racing GEN2 Car & Jaguar I-PACE eTROPHY",NA,2020,NA,"186","Speed Champions","565",NA,"Ages_8+","2,","Box","0.73Kg (1.61 lb)","Retail","Small"
"1538","76899","Lamborghini Urus ST-X & Huracán Super Trofeo EVO ",NA,2020,NA,"202","Speed Champions","663",NA,"Ages_8+","2,","Box","0.85Kg (1.87 lb)","Retail","Small"
"1539","76900","Koenigsegg Jesko","-",2021,NA,"108","Speed Champions","280",NA,"Ages_7+","1,","Box","NA","Retail","Small"
"1540","76901","Toyota GR Supra","-",2021,NA,"102","Speed Champions","299",NA,"Ages_7+","1,","Box","NA","Retail","Small"
"1541","76902","McLaren Elva","-",2021,NA,"94","Speed Champions","263",NA,"Ages_7+","1,","Box","NA","Retail","Small"
"1542","76903","Chevrolet Corvette C8.R Race Car and 1968 Chevrolet Corvette","712.30 Kr",2021,NA,"181","Speed Champions","512",NA,"Ages_8+","2,","Box","NA","Retail","Small"
"1543","76904","Mopar Dodge//SRT Top Fuel Dragster and 1970 Dodge Challenger T/A","-",2021,NA,"189","Speed Champions","627",NA,"Ages_8+","2,","Box","NA","Retail","Small"
"1544","76905","Ford GT Heritage Edition and Bronco R",NA,2021,NA,"227","Speed Champions","660",NA,"Ages_8+","2,","Box","NA","Retail","Small"
"1545","76906","1970 Ferrari 512 M","157.11 Kr",2022,NA,"102","Speed Champions","291",NA,"Ages_NA","1,","Box","NA","Retail","Small"
"1546","76907","Lotus Evija","157.11 Kr",2022,NA,"100","Speed Champions","247",NA,"Ages_NA","1,","Box","NA","Retail","Small"
"1547","76908","Lamborghini Countach","182.85 Kr",2022,NA,"111","Speed Champions","262",NA,"Ages_NA","1,","Box","NA","Retail","Small"
"1548","76909","Mercedes-AMG F1 W12 E Performance & Mercedes-AMG Project One","-",2022,NA,"191","Speed Champions","564",NA,"Ages_NA","2,","Box","NA","Retail","Small"
"1549","76910","Aston Martin Valkyrie AMR Pro and Aston Martin Vantage GT3","319.65 Kr",2022,NA,"216","Speed Champions","592",NA,"Ages_NA","2,","Box","NA","Retail","Small"
"1550","76911","007 Aston Martin DB5","157.11 Kr",2022,NA,"109","Speed Champions","298",NA,"Ages_8+","1,","Box","NA","Retail","Small"
"1551","76912","Fast & Furious 1970 Dodge Charger R/T","189.62 Kr",2022,NA,"116","Speed Champions","345",NA,"Ages_8+","1,","Box","NA","Retail","Small"
"1552","76914",NA,"169.30 Kr",NA,NA,NA,NA,NA,NA,"Ages_NA",NA,NA,NA,NA,NA
"1553","76915",NA,"157.11 Kr",NA,NA,NA,NA,NA,NA,"Ages_NA",NA,NA,NA,NA,NA
"1554","76916",NA,"169.30 Kr",NA,NA,NA,NA,NA,NA,"Ages_NA",NA,NA,NA,NA,NA
"1555","76917",NA,"196.39 Kr",NA,NA,NA,NA,NA,NA,"Ages_NA",NA,NA,NA,NA,NA
"1556","76918",NA,"318.29 Kr",NA,NA,NA,NA,NA,NA,"Ages_NA",NA,NA,NA,NA,NA
"1557","76939","Stygimoloch Dinosaur Escape","-",2021,NA,"88","Jurassic World","129",NA,"Ages_4+","3,","Box","NA","Retail","Small"
"1558","76940","T. rex Dinosaur Fossil Exhibition","562.02 Kr*",2021,NA,"92","Jurassic World","198",NA,"Ages_7+","2,","Box","NA","Retail","Small"
"1559","76941","Carnotaurus Dinosaur Chase","-",2021,NA,"125","Jurassic World","240",NA,"Ages_7+","3,","Box","NA","Retail","Small"
"1560","76942","Baryonyx Dinosaur Boat Escape","-",2021,NA,"161","Jurassic World","308",NA,"Ages_8+","4,","Box","NA","Retail","Small"
"1561","76943","Pteranodon Chase","175.67 Kr",2022,NA,"63","Jurassic World","94",NA,"Ages_4+","2,","Box","NA","Retail","Small"
"1562","76944","T. rex Dinosaur Breakout","428.00 Kr",2022,NA,"99","Jurassic World","140",NA,"Ages_4+","3,","Box","NA","Retail","Small"
"1563","76945","Atrociraptor Dinosaur: Bike Chase","155.76 Kr",2022,NA,"93","Jurassic World","169",NA,"Ages_6+","2","Box","NA","Retail","Small"
"1564","76946","Blue & Beta Velociraptor Capture","243.80 Kr",2022,NA,"89","Jurassic World","181",NA,"Ages_6+","2,","Box","NA","Retail","Small"
"1565","76947","Quetzalcoatlus Plane Ambush","373.82 Kr",2022,NA,"143","Jurassic World","306",NA,"Ages_7+","3","Box","NA","Retail","Small"
"1566","76948","T. rex & Atrociraptor Dinosaur Breakout","931.10 Kr",2022,NA,"181","Jurassic World","466",NA,"Ages_8+","4,","Box","NA","Retail","Small"
"1567","76949","Giganotosaurus & Therizinosaurus Attack","-",2022,NA,"337","Jurassic World","810",NA,"Ages_9+","6,","Box","NA","Retail","Small"
"1568","76950","Triceratops Pickup Truck Ambush",NA,2022,NA,"109","Jurassic World","210",NA,"Ages_NA","4,","Box","NA","Retail","Small"
"1569","76951","Pyroraptor & Dilophosaurus Transport","698.21 Kr",2022,NA,"125","Jurassic World","254",NA,"Ages_NA","3,","Box","NA","Retail","Small"
"1570","76956","T. rex Breakout",NA,2022,NA,"337","Jurassic World","1212",NA,"Ages_18+","4,","Box","NA","Retail","Small"
"1571","76957",NA,"-",NA,NA,NA,NA,NA,NA,"Ages_NA",NA,NA,NA,NA,NA
"1572","76958",NA,"-",NA,NA,NA,NA,NA,NA,"Ages_NA",NA,NA,NA,NA,NA
"1573","76959",NA,"-",NA,NA,NA,NA,NA,NA,"Ages_NA",NA,NA,NA,NA,NA
"1574","76960",NA,"-",NA,NA,NA,NA,NA,NA,"Ages_NA",NA,NA,NA,NA,NA
"1575","76961",NA,"-",NA,NA,NA,NA,NA,NA,"Ages_NA",NA,NA,NA,NA,NA
"1576","76978","{?}",NA,2022,NA,NA,"Overwatch","NA",NA,"Ages_9+",NA,"Box","0.28Kg (0.62 lb)","Retail","Small"
"1577","76979","{?}",NA,2022,NA,NA,"Overwatch","NA",NA,"Ages_9+",NA,"Box","0.38Kg (0.84 lb)","Retail","Small"
"1578","76980","Titan",NA,2022,NA,NA,"Overwatch","901",NA,"Ages_10+",NA,"Box","1.1Kg (2.42 lb)","Retail","Small"
"1579","76981","{?}",NA,2022,NA,NA,"Overwatch","NA",NA,"Ages_10+",NA,"Box","1.21Kg (2.67 lb)","Retail","Small"
"1580","76982","{?}",NA,2022,NA,NA,"Overwatch","NA",NA,"Ages_NA",NA,"Box","NA","Retail","Small"
"1581","76983","{?}",NA,2022,NA,NA,"Overwatch","NA",NA,"Ages_NA",NA,"Box","NA","Retail","Small"
"1582","76989","Horizon Forbidden West: Tallneck","747.17 Kr",2022,NA,"350","Icons","1222",NA,"Ages_18+","2,","Box","NA","Retail","Small"
"1583","77012",NA,"297.91 Kr",NA,NA,NA,NA,NA,NA,"Ages_NA",NA,NA,NA,NA,NA
"1584","77013",NA,"331.84 Kr",NA,NA,NA,NA,NA,NA,"Ages_NA",NA,NA,NA,NA,NA
"1585","77015",NA,"1436 Kr",NA,NA,NA,NA,NA,NA,"Ages_NA",NA,NA,NA,NA,NA
"1586","77904","Nebulon-B Frigate",NA,2020,NA,"115","Star Wars","459",NA,"Ages_9+",NA,"Box","NA","Retail - limited","Small"
"1587","77905","Taskmaster's Ambush",NA,2020,NA,"101","Marvel Super Heroes","230",NA,"Ages_7+","3,","Box","NA","Retail - limited","Small"
"1588","77906","Wonder Woman",NA,2020,NA,"84","DC Comics Super Heroes","255",NA,"Ages_7+","3,","Box","NA","Retail - limited","Small"
"1589","77907","Toad's Special Hideaway",NA,2020,NA,"70","Super Mario","120",NA,"Ages_8+","1","Box","NA","Retail - limited","Small"
"1590","77940","Mighty Dinosaurs",NA,2021,NA,"68","Creator","174",NA,"Ages_7+",NA,"Box","NA","Retail - limited","Small"
"1591","77941","Mighty Dinosaurs",NA,2021,NA,"68","Creator","174",NA,"Ages_7+",NA,"Box","NA","Retail - limited","Small"
"1592","77942","Fiat 500",NA,2021,NA,"269","Creator Expert","960",NA,"Ages_16+",NA,"Box","NA","LEGO exclusive","Small"
"1593","77943","Fire Station Starter Set",NA,2021,NA,"134","City","239",NA,"Ages_6+","3,","Box","NA","Retail - limited","Small"
"1594","77944","Fire Station Headquarters",NA,2021,NA,"324","City","908",NA,"Ages_NA","6,","Box","NA","Retail - limited","Small"
"1595","80006","White Dragon Horse Bike",NA,2020,NA,"135","Monkie Kid","259",NA,"Ages_NA","4","Box","NA","LEGO exclusive","Small"
"1596","80007","Iron Bull Tank",NA,2020,NA,"160","Monkie Kid","430",NA,"Ages_7+","4","Box","NA","LEGO exclusive","Small"
"1597","80008","Monkie Kid's Cloud Jet",NA,2020,NA,"200","Monkie Kid","529",NA,"Ages_8+","4,","Box","NA","LEGO exclusive","Small"
"1598","80009","Pigsy's Food Truck",NA,2020,NA,"301","Monkie Kid","832",NA,"Ages_8+","5,","Box","NA","LEGO exclusive","Small"
"1599","80010","Demon Bull King",NA,2020,NA,"262","Monkie Kid","1051",NA,"Ages_9+","3","Box","NA","LEGO exclusive","Small"
"1600","80011","Red Son's Inferno Truck",NA,2020,NA,"350","Monkie Kid","1111",NA,"Ages_9+","7,","Box","NA","LEGO exclusive","Small"
"1601","80012","Monkey King Warrior Mech",NA,2020,NA,"435","Monkie Kid","1629",NA,"Ages_10+","6,","Box","NA","LEGO exclusive","Small"
"1602","80013","Monkie Kid's Team Secret HQ",NA,2020,NA,"623","Monkie Kid","1959",NA,"Ages_10+","8,","Box","NA","LEGO exclusive","Small"
"1603","80014","Sandy's Speedboat",NA,2020,NA,"188","Monkie Kid","394",NA,"Ages_8+","4,","Box","NA","LEGO exclusive","Small"
"1604","80015","Monkie Kid's Cloud Roadster",NA,2020,NA,"228","Monkie Kid","659",NA,"Ages_8+","5,","Box","NA","LEGO exclusive","Small"
"1605","80016","The Flaming Foundry",NA,2020,NA,"424","Monkie Kid","1427",NA,"Ages_9+","7,","Box","NA","LEGO exclusive","Small"
"1606","80018","Monkie Kid's Cloud Bike",NA,2021,NA,"107","Monkie Kid","203",NA,"Ages_NA","3,","Box","NA","LEGO exclusive","Small"
"1607","80019","Red Son's Inferno Jet","-",2021,NA,"150","Monkie Kid","299",NA,"Ages_7+","3,","Box","NA","LEGO exclusive","Small"
"1608","80020","White Dragon Horse Jet",NA,2021,NA,"222","Monkie Kid","565",NA,"Ages_7+","3,","Box","NA","LEGO exclusive","Small"
"1609","80021","Monkie Kid's Lion Guardian","-",2021,NA,"271","Monkie Kid","774",NA,"Ages_8+","5,","Box","NA","LEGO exclusive","Small"
"1610","80022","Spider Queen's Arachnoid Base","-",2021,NA,"286","Monkie Kid","1170",NA,"Ages_9+","6,","Box","NA","LEGO exclusive","Small"
"1611","80023","Monkie Kid's Team Dronecopter",NA,2021,NA,"507","Monkie Kid","1462",NA,"Ages_10+","9,","Box","NA","LEGO exclusive","Small"
"1612","80024","The Legendary Flower Fruit Mountain","-",2021,NA,"557","Monkie Kid","1949",NA,"Ages_10+","8,","Box","NA","LEGO exclusive","Small"
"1613","80025","Sandy's Power Loader Mech",NA,2021,NA,"202","Monkie Kid","520",NA,"Ages_8+","3,","Box","NA","Retail","Small"
"1614","80026","Pigsy's Noodle Tank",NA,2021,NA,"282","Monkie Kid","662",NA,"Ages_8+","4,","Box","NA","Retail","Small"
"1615","80028","The Bone Demon",NA,2021,NA,"354","Monkie Kid","1375",NA,"Ages_9+","5,","Box","NA","Retail","Small"
"1616","80030","Monkie Kid's Staff Creations",NA,2022,NA,"91","Monkie Kid","309",NA,"Ages_5+","2,","Box","NA","Retail","Small"
"1617","80031","Mei's Dragon Car",NA,2022,NA,"183","Monkie Kid","456",NA,"Ages_7+","4,","Box","NA","Retail","Small"
"1618","80032","Chang'e Moon Cake Factory",NA,2022,NA,"280","Monkie Kid","609",NA,"Ages_8+","3,","Box","NA","Retail","Small"
"1619","80033","Evil Macaque's Mech",NA,2022,NA,"255","Monkie Kid","893",NA,"Ages_8+","5,","Box","NA","Retail","Small"
"1620","80034","Nezha's Fire Ring",NA,2022,NA,"310","Monkie Kid","929",NA,"Ages_8+","7,","Box","NA","Retail","Small"
"1621","80035","Monkie Kid's Galactic Explorer",NA,2022,NA,"372","Monkie Kid","1356",NA,"Ages_9+","7,","Box","NA","Retail","Small"
"1622","80036","The City of Lanterns",NA,2022,NA,"637","Monkie Kid","2187",NA,"Ages_9+","9,","Box","NA","Retail","Small"
"1623","80037","Dragon of the East",NA,2022,NA,"293","Monkie Kid","880",NA,"Ages_8+","4,","Box","NA","Retail","Small"
"1624","80038","Monkie Kid's Team Van",NA,2022,NA,"474","Monkie Kid","1406",NA,"Ages_9+","6,","Box","NA","Retail","Small"
"1625","80039","The Heavenly Realms",NA,2022,NA,"470","Monkie Kid","2433",NA,"Ages_10+","8,","Box","NA","Retail","Small"
"1626","80104","Lion Dance",NA,2020,NA,"174","Seasonal","882",NA,"Ages_8+","8,","Box","NA","Retail","Small"
"1627","80105","Chinese New Year Temple Fair",NA,2020,NA,"409","Seasonal","1664",NA,"Ages_8+","14,","Box","NA","Retail","Small"
"1628","80106","Story of Nian",NA,2021,NA,"304","Seasonal","1067",NA,"Ages_8+","7,","Box","NA","LEGO exclusive","Small"
"1629","80107","Spring Lantern Festival","-",2021,NA,"331","Seasonal","1793",NA,"Ages_8+","8,","Box","NA","LEGO exclusive","Small"
"1630","80108","Lunar New Year Traditions",NA,2022,NA,"331","Seasonal","1066",NA,"Ages_8+","12,","Box","NA","LEGO exclusive","Small"
"1631","80109","Lunar New Year Ice Festival",NA,2022,NA,"423","Seasonal","1519",NA,"Ages_8+","13,","Box","NA","LEGO exclusive","Small"
"1632","80110",NA,"-",NA,NA,NA,NA,NA,NA,"Ages_NA",NA,NA,NA,NA,NA
"1633","80111",NA,"-",NA,NA,NA,NA,NA,NA,"Ages_NA",NA,NA,NA,NA,NA
"1634","81007","Design your own LEGO City set",NA,2020,NA,NA,"City","NA",NA,"Ages_NA",NA,"NA","NA","NA","Small"
"1635","88012","Technic Hub",NA,2020,NA,"1","Powered Up","1",NA,"Ages_NA",NA,"NA","NA","NA","Small"
"1636","88013","Technic Large Motor",NA,2020,NA,"1","Powered Up","1",NA,"Ages_NA",NA,"NA","NA","NA","Small"
"1637","88014","Technic XL Motor",NA,2020,NA,"1","Powered Up","1",NA,"Ages_NA",NA,"NA","NA","NA","Small"
"1638","88015","Battery Box",NA,2021,NA,"1","Powered Up","1",NA,"Ages_7+",NA,"Box","NA","Retail - limited","Small"
"1639","88016","Large Hub",NA,2021,NA,"2","Powered Up","2",NA,"Ages_6+",NA,"Box","NA","NA","Small"
"1640","88017","Large angular motor",NA,2021,NA,"1","Powered Up","1",NA,"Ages_NA",NA,"NA","NA","NA","Small"
"1641","88018","Medium Angular Motor",NA,2021,NA,"1","Powered Up","1",NA,"Ages_6+",NA,"NA","NA","NA","Small"
"1642","92176","NASA Apollo Saturn V",NA,2020,NA,"221","Ideas","1969",NA,"Ages_14+",NA,"Box","NA","Retail - limited","Small"
"1643","92177","Ship in a Bottle",NA,2020,NA,"125","Ideas","962",NA,"Ages_12+",NA,"Box","NA","Retail - limited","Small"
